chr1	2146433	A	G	chr1:2146433:A:G
chr1	2153159	T	C	chr1:2153159:T:C
chr1	6007580	C	G	chr1:6007580:C:G
chr1	6490445	C	T	chr1:6490445:C:T
chr1	8510397	C	G	chr1:8510397:C:G
chr1	9653442	G	A	chr1:9653442:G:A
chr1	10033399	C	T	chr1:10033399:C:T
chr1	11741030	G	A	chr1:11741030:G:A
chr1	11749345	T	G	chr1:11749345:T:G
chr1	18575763	G	C	chr1:18575763:G:C
chr1	19124111	C	T	chr1:19124111:C:T
chr1	19600389	A	G	chr1:19600389:A:G
chr1	24187278	G	A	chr1:24187278:G:A
chr1	25523715	T	C	chr1:25523715:T:C
chr1	25590751	G	A	chr1:25590751:G:A
chr1	27887472	G	C	chr1:27887472:G:C
chr1	27891589	T	C	chr1:27891589:T:C
chr1	29177245	G	A	chr1:29177245:G:A
chr1	30744122	G	A	chr1:30744122:G:A
chr1	30783058	T	C	chr1:30783058:T:C
chr1	31848799	A	G	chr1:31848799:A:G
chr1	31889579	T	C	chr1:31889579:T:C
chr1	35193419	C	G	chr1:35193419:C:G
chr1	37690671	G	A	chr1:37690671:G:A
chr1	39026790	C	T	chr1:39026790:C:T
chr1	40665726	C	A	chr1:40665726:C:A
chr1	43327543	G	A	chr1:43327543:G:A
chr1	45012761	C	T	chr1:45012761:C:T
chr1	54352681	G	C	chr1:54352681:G:C
chr1	57737139	A	G	chr1:57737139:A:G
chr1	64933625	T	G	chr1:64933625:T:G
chr1	67135003	G	T	chr1:67135003:G:T
chr1	76285023	T	C	chr1:76285023:T:C
chr1	82831007	A	G	chr1:82831007:A:G
chr1	84772524	C	T	chr1:84772524:C:T
chr1	86714719	A	G	chr1:86714719:A:G
chr1	89039360	G	T	chr1:89039360:G:T
chr1	89064294	T	C	chr1:89064294:T:C
chr1	89085986	G	C	chr1:89085986:G:C
chr1	99820678	C	T	chr1:99820678:C:T
chr1	100394436	A	T	chr1:100394436:A:T
chr1	108079958	C	T	chr1:108079958:C:T
chr1	110339822	A	G	chr1:110339822:A:G
chr1	111197723	C	G	chr1:111197723:C:G
chr1	111647922	T	C	chr1:111647922:T:C
chr1	112723500	C	G	chr1:112723500:C:G
chr1	115063025	T	C	chr1:115063025:T:C
chr1	116982836	C	A	chr1:116982836:C:A
chr1	147890404	G	T	chr1:147890404:G:T
chr1	150975269	G	T	chr1:150975269:G:T
chr1	151251844	C	T	chr1:151251844:C:T
chr1	151398829	G	T	chr1:151398829:G:T
chr1	152870015	C	A	chr1:152870015:C:A
chr1	153261225	A	C	chr1:153261225:A:C
chr1	153617778	C	A	chr1:153617778:C:A
chr1	159922298	G	A	chr1:159922298:G:A
chr1	160109101	A	T	chr1:160109101:A:T
chr1	160835144	C	G	chr1:160835144:C:G
chr1	161773982	G	C	chr1:161773982:G:C
chr1	165928340	C	T	chr1:165928340:C:T
chr1	166839745	G	T	chr1:166839745:G:T
chr1	167267937	G	A	chr1:167267937:G:A
chr1	167617624	C	T	chr1:167617624:C:T
chr1	168467693	A	G	chr1:168467693:A:G
chr1	169368615	G	A	chr1:169368615:G:A
chr1	174159856	A	G	chr1:174159856:A:G
chr1	175192463	G	T	chr1:175192463:G:T
chr1	181099780	A	T	chr1:181099780:A:T
chr1	182110851	T	G	chr1:182110851:T:G
chr1	183132551	G	A	chr1:183132551:G:A
chr1	183580622	G	T	chr1:183580622:G:T
chr1	197911643	G	A	chr1:197911643:G:A
chr1	204563531	C	T	chr1:204563531:C:T
chr1	206658649	C	T	chr1:206658649:C:T
chr1	211248170	G	A	chr1:211248170:G:A
chr1	212738494	T	C	chr1:212738494:T:C
chr1	223515672	C	T	chr1:223515672:C:T
chr1	224624151	C	T	chr1:224624151:C:T
chr1	225155716	A	G	chr1:225155716:A:G
chr1	226004578	G	A	chr1:226004578:G:A
chr1	226779758	G	T	chr1:226779758:G:T
chr1	227774278	G	A	chr1:227774278:G:A
chr1	229326054	G	T	chr1:229326054:G:T
chr1	230187922	G	T	chr1:230187922:G:T
chr1	230980141	A	C	chr1:230980141:A:C
chr1	231272345	A	G	chr1:231272345:A:G
chr1	233791256	A	G	chr1:233791256:A:G
chr1	236027253	A	T	chr1:236027253:A:T
chr1	236259294	C	T	chr1:236259294:C:T
chr1	244137848	C	T	chr1:244137848:C:T
chr1	246821451	T	A	chr1:246821451:T:A
chr1	247323119	G	C	chr1:247323119:G:C
chr1	247327097	T	C	chr1:247327097:T:C
chr1	247416133	G	T	chr1:247416133:G:T
chr2	1047666	T	C	chr2:1047666:T:C
chr2	6852414	A	C	chr2:6852414:A:C
chr2	7497458	A	T	chr2:7497458:A:T
chr2	9816407	T	G	chr2:9816407:T:G
chr2	10142020	T	C	chr2:10142020:T:C
chr2	10307007	C	A	chr2:10307007:C:A
chr2	12456426	C	T	chr2:12456426:C:T
chr2	12497975	T	C	chr2:12497975:T:C
chr2	12534440	T	C	chr2:12534440:T:C
chr2	18605329	G	T	chr2:18605329:G:T
chr2	23927225	G	C	chr2:23927225:G:C
chr2	25265950	T	A	chr2:25265950:T:A
chr2	28753537	A	G	chr2:28753537:A:G
chr2	29189257	A	G	chr2:29189257:A:G
chr2	30448107	T	C	chr2:30448107:T:C
chr2	32278457	T	C	chr2:32278457:T:C
chr2	37005187	C	T	chr2:37005187:C:T
chr2	37377318	A	G	chr2:37377318:A:G
chr2	37851965	C	T	chr2:37851965:C:T
chr2	39217094	C	G	chr2:39217094:C:G
chr2	43136060	G	A	chr2:43136060:G:A
chr2	45843604	C	G	chr2:45843604:C:G
chr2	48713541	C	T	chr2:48713541:C:T
chr2	62229409	C	T	chr2:62229409:C:T
chr2	64749681	A	G	chr2:64749681:A:G
chr2	68735005	G	A	chr2:68735005:G:A
chr2	69307518	G	C	chr2:69307518:G:C
chr2	71453502	T	C	chr2:71453502:T:C
chr2	84677972	C	T	chr2:84677972:C:T
chr2	84783210	C	T	chr2:84783210:C:T
chr2	85307269	T	C	chr2:85307269:T:C
chr2	86106070	T	C	chr2:86106070:T:C
chr2	86225675	G	A	chr2:86225675:G:A
chr2	96763183	C	T	chr2:96763183:C:T
chr2	98655249	T	C	chr2:98655249:T:C
chr2	98666885	C	T	chr2:98666885:C:T
chr2	105787906	C	T	chr2:105787906:C:T
chr2	105934702	C	T	chr2:105934702:C:T
chr2	108989311	G	A	chr2:108989311:G:A
chr2	111122707	G	T	chr2:111122707:G:T
chr2	113235767	A	C	chr2:113235767:A:C
chr2	127069571	G	A	chr2:127069571:G:A
chr2	127637923	C	T	chr2:127637923:C:T
chr2	134719289	C	T	chr2:134719289:C:T
chr2	147631545	A	T	chr2:147631545:A:T
chr2	159201526	G	A	chr2:159201526:G:A
chr2	168119660	C	T	chr2:168119660:C:T
chr2	168375395	A	G	chr2:168375395:A:G
chr2	173451323	C	T	chr2:173451323:C:T
chr2	174039990	A	G	chr2:174039990:A:G
chr2	177626489	G	A	chr2:177626489:G:A
chr2	177784114	C	A	chr2:177784114:C:A
chr2	178191352	C	T	chr2:178191352:C:T
chr2	181178988	T	G	chr2:181178988:T:G
chr2	190149317	A	G	chr2:190149317:A:G
chr2	190578677	G	T	chr2:190578677:G:T
chr2	190917042	G	A	chr2:190917042:G:A
chr2	190986759	C	T	chr2:190986759:C:T
chr2	197954538	G	A	chr2:197954538:G:A
chr2	198042419	C	T	chr2:198042419:C:T
chr2	201901924	G	A	chr2:201901924:G:A
chr2	204027252	C	G	chr2:204027252:C:G
chr2	205130682	G	T	chr2:205130682:G:T
chr2	206798147	G	A	chr2:206798147:G:A
chr2	207156217	G	A	chr2:207156217:G:A
chr2	207925876	G	A	chr2:207925876:G:A
chr2	208101434	G	A	chr2:208101434:G:A
chr2	215681323	A	G	chr2:215681323:A:G
chr2	218482801	C	T	chr2:218482801:C:T
chr2	219176369	G	A	chr2:219176369:G:A
chr2	230661811	G	C	chr2:230661811:G:C
chr2	231530563	G	A	chr2:231530563:G:A
chr2	235945806	G	A	chr2:235945806:G:A
chr2	237905305	A	G	chr2:237905305:A:G
chr2	237906181	A	C	chr2:237906181:A:C
chr2	239258492	G	A	chr2:239258492:G:A
chr2	241095731	G	T	chr2:241095731:G:T
chr2	241104105	A	G	chr2:241104105:A:G
chr2	241300243	C	T	chr2:241300243:C:T
chr2	241595772	G	A	chr2:241595772:G:A
chr3	4835970	A	T	chr3:4835970:A:T
chr3	10395795	C	G	chr3:10395795:C:G
chr3	15399049	C	T	chr3:15399049:C:T
chr3	17080200	G	A	chr3:17080200:G:A
chr3	18580461	C	G	chr3:18580461:C:G
chr3	30524603	T	G	chr3:30524603:T:G
chr3	30648263	G	A	chr3:30648263:G:A
chr3	31815989	T	C	chr3:31815989:T:C
chr3	32321181	G	A	chr3:32321181:G:A
chr3	33023399	C	T	chr3:33023399:C:T
chr3	38480013	A	G	chr3:38480013:A:G
chr3	39000177	C	T	chr3:39000177:C:T
chr3	39181019	T	G	chr3:39181019:T:G
chr3	42216491	G	T	chr3:42216491:G:T
chr3	42346048	T	G	chr3:42346048:T:G
chr3	49470818	A	G	chr3:49470818:A:G
chr3	50206077	G	T	chr3:50206077:G:T
chr3	50274469	C	T	chr3:50274469:C:T
chr3	50636497	C	T	chr3:50636497:C:T
chr3	51269652	G	A	chr3:51269652:G:A
chr3	51403873	G	A	chr3:51403873:G:A
chr3	52154806	A	G	chr3:52154806:A:G
chr3	52339776	G	T	chr3:52339776:G:T
chr3	53249638	T	G	chr3:53249638:T:G
chr3	61152039	A	G	chr3:61152039:A:G
chr3	67605252	C	T	chr3:67605252:C:T
chr3	71127563	T	C	chr3:71127563:T:C
chr3	72951348	G	A	chr3:72951348:G:A
chr3	101815195	C	G	chr3:101815195:C:G
chr3	102106666	G	A	chr3:102106666:G:A
chr3	105867870	T	C	chr3:105867870:T:C
chr3	108100194	G	A	chr3:108100194:G:A
chr3	108406767	C	T	chr3:108406767:C:T
chr3	113006595	G	C	chr3:113006595:G:C
chr3	113241733	A	T	chr3:113241733:A:T
chr3	119388763	C	T	chr3:119388763:C:T
chr3	119498465	C	T	chr3:119498465:C:T
chr3	125437914	T	C	chr3:125437914:T:C
chr3	128052316	G	A	chr3:128052316:G:A
chr3	128592224	C	G	chr3:128592224:C:G
chr3	128950809	C	T	chr3:128950809:C:T
chr3	138082371	T	C	chr3:138082371:T:C
chr3	141402972	A	C	chr3:141402972:A:C
chr3	142149100	G	A	chr3:142149100:G:A
chr3	143001506	G	A	chr3:143001506:G:A
chr3	143217030	G	A	chr3:143217030:G:A
chr3	156291825	A	G	chr3:156291825:A:G
chr3	169769649	G	A	chr3:169769649:G:A
chr3	177424705	C	A	chr3:177424705:C:A
chr3	177539263	A	G	chr3:177539263:A:G
chr3	179348516	T	C	chr3:179348516:T:C
chr3	183586691	C	T	chr3:183586691:C:T
chr3	183790000	C	T	chr3:183790000:C:T
chr3	183895499	G	A	chr3:183895499:G:A
chr3	185254102	A	C	chr3:185254102:A:C
chr3	187066850	C	A	chr3:187066850:C:A
chr3	187247480	A	G	chr3:187247480:A:G
chr3	193461799	C	T	chr3:193461799:C:T
chr3	196712253	C	G	chr3:196712253:C:G
chr3	197145207	T	C	chr3:197145207:T:C
chr4	2291194	A	G	chr4:2291194:A:G
chr4	3074454	C	G	chr4:3074454:C:G
chr4	3196801	T	C	chr4:3196801:T:C
chr4	5247240	C	T	chr4:5247240:C:T
chr4	10157930	G	A	chr4:10157930:G:A
chr4	10461487	C	A	chr4:10461487:C:A
chr4	10577215	G	A	chr4:10577215:G:A
chr4	11085832	T	C	chr4:11085832:T:C
chr4	11487258	C	A	chr4:11487258:C:A
chr4	16123041	C	T	chr4:16123041:C:T
chr4	38385774	C	T	chr4:38385774:C:T
chr4	40263653	T	C	chr4:40263653:T:C
chr4	44738809	C	T	chr4:44738809:C:T
chr4	51831328	C	T	chr4:51831328:C:T
chr4	56181404	T	G	chr4:56181404:T:G
chr4	78644849	G	A	chr4:78644849:G:A
chr4	81519108	A	G	chr4:81519108:A:G
chr4	81715624	G	A	chr4:81715624:G:A
chr4	81965606	C	G	chr4:81965606:C:G
chr4	81972850	T	C	chr4:81972850:T:C
chr4	98620602	A	G	chr4:98620602:A:G
chr4	109599386	C	T	chr4:109599386:C:T
chr4	113781663	G	A	chr4:113781663:G:A
chr4	114071209	A	T	chr4:114071209:A:T
chr4	121978010	G	A	chr4:121978010:G:A
chr4	128804025	C	T	chr4:128804025:C:T
chr4	138919306	C	T	chr4:138919306:C:T
chr4	152090878	T	C	chr4:152090878:T:C
chr4	153112175	G	T	chr4:153112175:G:T
chr4	153527720	G	T	chr4:153527720:G:T
chr4	153962448	A	G	chr4:153962448:A:G
chr4	154119536	G	C	chr4:154119536:G:C
chr4	174520910	T	C	chr4:174520910:T:C
chr4	180394616	A	G	chr4:180394616:A:G
chr4	184100474	C	A	chr4:184100474:C:A
chr5	1518964	C	T	chr5:1518964:C:T
chr5	10421964	A	G	chr5:10421964:A:G
chr5	14794759	C	T	chr5:14794759:C:T
chr5	16617794	C	A	chr5:16617794:C:A
chr5	35880285	G	C	chr5:35880285:G:C
chr5	40386453	T	C	chr5:40386453:T:C
chr5	43009427	A	G	chr5:43009427:A:G
chr5	43515178	A	C	chr5:43515178:A:C
chr5	54575075	A	G	chr5:54575075:A:G
chr5	57383265	T	C	chr5:57383265:T:C
chr5	62297189	T	C	chr5:62297189:T:C
chr5	67203065	C	T	chr5:67203065:C:T
chr5	68894974	C	T	chr5:68894974:C:T
chr5	72246376	T	C	chr5:72246376:T:C
chr5	79736843	C	T	chr5:79736843:C:T
chr5	81027549	T	G	chr5:81027549:T:G
chr5	81060457	T	G	chr5:81060457:T:G
chr5	95162450	A	G	chr5:95162450:A:G
chr5	95380445	G	T	chr5:95380445:G:T
chr5	95717599	T	C	chr5:95717599:T:C
chr5	96381736	T	C	chr5:96381736:T:C
chr5	96728170	C	G	chr5:96728170:C:G
chr5	100667596	G	A	chr5:100667596:G:A
chr5	111214227	C	T	chr5:111214227:C:T
chr5	112137032	G	A	chr5:112137032:G:A
chr5	115557821	C	A	chr5:115557821:C:A
chr5	119452501	C	G	chr5:119452501:C:G
chr5	123439091	G	C	chr5:123439091:G:C
chr5	128085008	T	C	chr5:128085008:T:C
chr5	131165058	A	C	chr5:131165058:A:C
chr5	131462768	C	A	chr5:131462768:C:A
chr5	132225629	G	C	chr5:132225629:G:C
chr5	138033112	G	A	chr5:138033112:G:A
chr5	139394348	T	C	chr5:139394348:T:C
chr5	140556654	T	C	chr5:140556654:T:C
chr5	142128923	T	G	chr5:142128923:T:G
chr5	149240661	T	G	chr5:149240661:T:G
chr5	150846730	C	T	chr5:150846730:C:T
chr5	154085892	G	T	chr5:154085892:G:T
chr5	154868854	A	G	chr5:154868854:A:G
chr5	157180782	C	T	chr5:157180782:C:T
chr5	158545170	A	G	chr5:158545170:A:G
chr5	159100385	G	A	chr5:159100385:G:A
chr5	163473833	G	A	chr5:163473833:G:A
chr5	168166963	A	G	chr5:168166963:A:G
chr5	170313505	T	C	chr5:170313505:T:C
chr5	172420670	T	C	chr5:172420670:T:C
chr5	172887477	T	C	chr5:172887477:T:C
chr5	172897555	G	A	chr5:172897555:G:A
chr5	172918532	A	G	chr5:172918532:A:G
chr5	175480942	A	G	chr5:175480942:A:G
chr5	177371039	T	G	chr5:177371039:T:G
chr5	178235208	C	T	chr5:178235208:C:T
chr5	180313827	T	C	chr5:180313827:T:C
chr6	617668	C	T	chr6:617668:C:T
chr6	2563855	T	A	chr6:2563855:T:A
chr6	2952658	T	C	chr6:2952658:T:C
chr6	3849071	T	C	chr6:3849071:T:C
chr6	5706802	A	T	chr6:5706802:A:T
chr6	6407554	G	A	chr6:6407554:G:A
chr6	7439399	T	C	chr6:7439399:T:C
chr6	11675862	A	G	chr6:11675862:A:G
chr6	12125539	A	G	chr6:12125539:A:G
chr6	13280409	T	C	chr6:13280409:T:C
chr6	16375021	G	C	chr6:16375021:G:C
chr6	24964097	C	G	chr6:24964097:C:G
chr6	25056365	T	A	chr6:25056365:T:A
chr6	25882414	C	G	chr6:25882414:C:G
chr6	28202519	G	A	chr6:28202519:G:A
chr6	28251883	G	A	chr6:28251883:G:A
chr6	33887039	C	A	chr6:33887039:C:A
chr6	35332452	G	A	chr6:35332452:G:A
chr6	36127032	T	C	chr6:36127032:T:C
chr6	38876614	T	C	chr6:38876614:T:C
chr6	41333997	T	C	chr6:41333997:T:C
chr6	42960723	C	T	chr6:42960723:C:T
chr6	43142317	T	G	chr6:43142317:T:G
chr6	43668374	G	C	chr6:43668374:G:C
chr6	43734136	T	C	chr6:43734136:T:C
chr6	45589590	C	T	chr6:45589590:C:T
chr6	46410524	T	G	chr6:46410524:T:G
chr6	52275888	A	G	chr6:52275888:A:G
chr6	56844289	G	A	chr6:56844289:G:A
chr6	75243989	T	G	chr6:75243989:T:G
chr6	87742216	C	T	chr6:87742216:C:T
chr6	87915169	C	A	chr6:87915169:C:A
chr6	90004703	G	A	chr6:90004703:G:A
chr6	90079240	A	G	chr6:90079240:A:G
chr6	90458627	G	A	chr6:90458627:G:A
chr6	96923947	T	A	chr6:96923947:T:A
chr6	107028709	G	A	chr6:107028709:G:A
chr6	109606596	C	T	chr6:109606596:C:T
chr6	110873500	C	G	chr6:110873500:C:G
chr6	111715544	G	A	chr6:111715544:G:A
chr6	116280122	G	C	chr6:116280122:G:C
chr6	116462167	G	A	chr6:116462167:G:A
chr6	116668870	T	C	chr6:116668870:T:C
chr6	118724382	T	C	chr6:118724382:T:C
chr6	134434338	T	G	chr6:134434338:T:G
chr6	134882641	T	C	chr6:134882641:T:C
chr6	135147753	A	C	chr6:135147753:A:C
chr6	137271772	A	G	chr6:137271772:A:G
chr6	137661807	A	G	chr6:137661807:A:G
chr6	137799008	G	A	chr6:137799008:G:A
chr6	142549241	T	C	chr6:142549241:T:C
chr6	142680581	C	G	chr6:142680581:C:G
chr6	143732004	A	G	chr6:143732004:A:G
chr6	149115845	G	A	chr6:149115845:G:A
chr6	149489059	G	A	chr6:149489059:G:A
chr6	149896224	T	C	chr6:149896224:T:C
chr6	151385435	A	G	chr6:151385435:A:G
chr6	151962652	C	T	chr6:151962652:C:T
chr6	154164505	G	A	chr6:154164505:G:A
chr6	156182519	T	A	chr6:156182519:T:A
chr6	156280371	G	T	chr6:156280371:G:T
chr6	156345924	C	A	chr6:156345924:C:A
chr6	158955424	A	C	chr6:158955424:A:C
chr6	159098916	C	T	chr6:159098916:C:T
chr6	159169344	A	G	chr6:159169344:A:G
chr6	159791236	G	A	chr6:159791236:G:A
chr6	166973871	C	G	chr6:166973871:C:G
chr6	167142365	G	A	chr6:167142365:G:A
chr6	168619682	C	T	chr6:168619682:C:T
chr6	168961486	C	T	chr6:168961486:C:T
chr6	169568897	G	A	chr6:169568897:G:A
chr7	1920339	T	C	chr7:1920339:T:C
chr7	2404194	G	T	chr7:2404194:G:T
chr7	3462244	G	C	chr7:3462244:G:C
chr7	3465168	A	G	chr7:3465168:A:G
chr7	4204945	G	C	chr7:4204945:G:C
chr7	5170477	C	T	chr7:5170477:C:T
chr7	5781731	C	T	chr7:5781731:C:T
chr7	6545846	C	T	chr7:6545846:C:T
chr7	6725962	C	T	chr7:6725962:C:T
chr7	22147337	T	C	chr7:22147337:T:C
chr7	22860912	C	T	chr7:22860912:C:T
chr7	24227739	T	C	chr7:24227739:T:C
chr7	32728183	G	A	chr7:32728183:G:A
chr7	36606852	G	T	chr7:36606852:G:T
chr7	36775466	G	T	chr7:36775466:G:T
chr7	38318999	T	C	chr7:38318999:T:C
chr7	38463789	T	C	chr7:38463789:T:C
chr7	39742396	T	G	chr7:39742396:T:G
chr7	45136190	G	A	chr7:45136190:G:A
chr7	47979760	G	C	chr7:47979760:G:C
chr7	52283655	C	T	chr7:52283655:C:T
chr7	65233863	T	A	chr7:65233863:T:A
chr7	65840645	C	A	chr7:65840645:C:A
chr7	66996763	C	T	chr7:66996763:C:T
chr7	73707383	A	G	chr7:73707383:A:G
chr7	74306431	G	A	chr7:74306431:G:A
chr7	75618011	C	T	chr7:75618011:C:T
chr7	87152393	G	A	chr7:87152393:G:A
chr7	98218426	A	G	chr7:98218426:A:G
chr7	100428669	G	A	chr7:100428669:G:A
chr7	100613933	C	A	chr7:100613933:C:A
chr7	102467250	G	C	chr7:102467250:G:C
chr7	112398675	G	A	chr7:112398675:G:A
chr7	113118639	A	G	chr7:113118639:A:G
chr7	120806074	A	C	chr7:120806074:A:C
chr7	122144387	G	A	chr7:122144387:G:A
chr7	128461555	G	A	chr7:128461555:G:A
chr7	130884634	G	A	chr7:130884634:G:A
chr7	138750335	C	G	chr7:138750335:C:G
chr7	139075300	T	C	chr7:139075300:T:C
chr7	139483814	A	C	chr7:139483814:A:C
chr7	139696742	G	C	chr7:139696742:G:C
chr7	143372217	T	C	chr7:143372217:T:C
chr7	148667739	G	A	chr7:148667739:G:A
chr7	149599823	G	A	chr7:149599823:G:A
chr7	149601063	C	T	chr7:149601063:C:T
chr7	149866045	T	C	chr7:149866045:T:C
chr7	150510291	T	C	chr7:150510291:T:C
chr7	150648604	A	G	chr7:150648604:A:G
chr7	151441618	T	C	chr7:151441618:T:C
chr7	151834511	T	G	chr7:151834511:T:G
chr8	688503	G	C	chr8:688503:G:C
chr8	8384155	G	A	chr8:8384155:G:A
chr8	10054107	C	T	chr8:10054107:C:T
chr8	11454329	T	C	chr8:11454329:T:C
chr8	13655257	C	T	chr8:13655257:C:T
chr8	20820403	G	T	chr8:20820403:G:T
chr8	21914220	A	T	chr8:21914220:A:T
chr8	22531946	G	A	chr8:22531946:G:A
chr8	28633901	C	T	chr8:28633901:C:T
chr8	28744037	A	C	chr8:28744037:A:C
chr8	29060961	G	C	chr8:29060961:G:C
chr8	33566249	A	C	chr8:33566249:A:C
chr8	37261777	A	G	chr8:37261777:A:G
chr8	38176766	T	C	chr8:38176766:T:C
chr8	54102002	T	A	chr8:54102002:T:A
chr8	54135246	G	T	chr8:54135246:G:T
chr8	58535019	T	G	chr8:58535019:T:G
chr8	58659297	A	C	chr8:58659297:A:C
chr8	61748634	A	G	chr8:61748634:A:G
chr8	63039447	G	A	chr8:63039447:G:A
chr8	67580198	T	C	chr8:67580198:T:C
chr8	80919773	C	T	chr8:80919773:C:T
chr8	80960476	C	T	chr8:80960476:C:T
chr8	90467840	A	G	chr8:90467840:A:G
chr8	94407470	A	G	chr8:94407470:A:G
chr8	94553045	G	T	chr8:94553045:G:T
chr8	94642495	T	C	chr8:94642495:T:C
chr8	95024928	A	G	chr8:95024928:A:G
chr8	107305387	G	A	chr8:107305387:G:A
chr8	116474818	C	T	chr8:116474818:C:T
chr8	120472508	G	A	chr8:120472508:G:A
chr8	123434829	T	C	chr8:123434829:T:C
chr8	124660440	A	G	chr8:124660440:A:G
chr8	124752119	A	G	chr8:124752119:A:G
chr8	126249265	C	T	chr8:126249265:C:T
chr8	128030799	G	A	chr8:128030799:G:A
chr8	130265006	T	G	chr8:130265006:T:G
chr8	133547090	A	G	chr8:133547090:A:G
chr8	140216726	T	C	chr8:140216726:T:C
chr8	140542100	T	C	chr8:140542100:T:C
chr8	140839223	T	A	chr8:140839223:T:A
chr8	143334881	A	G	chr8:143334881:A:G
chr8	143929609	G	A	chr8:143929609:G:A
chr8	144786875	G	A	chr8:144786875:G:A
chr9	335545	A	G	chr9:335545:A:G
chr9	631809	T	C	chr9:631809:T:C
chr9	15293948	C	T	chr9:15293948:C:T
chr9	15306294	A	C	chr9:15306294:A:C
chr9	20440976	G	C	chr9:20440976:G:C
chr9	20997091	C	G	chr9:20997091:C:G
chr9	21777762	G	A	chr9:21777762:G:A
chr9	33142730	G	A	chr9:33142730:G:A
chr9	34253099	C	T	chr9:34253099:C:T
chr9	38672526	C	T	chr9:38672526:C:T
chr9	70413850	T	C	chr9:70413850:T:C
chr9	81689743	G	C	chr9:81689743:G:C
chr9	83708681	A	G	chr9:83708681:A:G
chr9	89154844	G	A	chr9:89154844:G:A
chr9	92913454	C	A	chr9:92913454:C:A
chr9	95750965	G	T	chr9:95750965:G:T
chr9	98092638	C	A	chr9:98092638:C:A
chr9	99368476	T	G	chr9:99368476:T:G
chr9	101572495	C	T	chr9:101572495:C:T
chr9	109889657	G	C	chr9:109889657:G:C
chr9	110933815	G	A	chr9:110933815:G:A
chr9	111622106	C	T	chr9:111622106:C:T
chr9	112061481	G	A	chr9:112061481:G:A
chr9	112486652	A	G	chr9:112486652:A:G
chr9	120878222	T	C	chr9:120878222:T:C
chr9	121075624	G	A	chr9:121075624:G:A
chr9	125362030	T	C	chr9:125362030:T:C
chr9	127221828	G	A	chr9:127221828:G:A
chr9	127981958	G	C	chr9:127981958:G:C
chr9	128127321	C	T	chr9:128127321:C:T
chr9	129485851	A	G	chr9:129485851:A:G
chr9	131361379	G	C	chr9:131361379:G:C
chr9	131635497	C	T	chr9:131635497:C:T
chr9	132242354	G	A	chr9:132242354:G:A
chr9	132848787	G	T	chr9:132848787:G:T
chr9	132908782	A	C	chr9:132908782:A:C
chr9	133251979	C	T	chr9:133251979:C:T
chr9	133356490	A	G	chr9:133356490:A:G
chr10	1062604	T	G	chr10:1062604:T:G
chr10	3510933	A	C	chr10:3510933:A:C
chr10	5513449	T	A	chr10:5513449:T:A
chr10	5566778	A	C	chr10:5566778:A:C
chr10	6625654	T	C	chr10:6625654:T:C
chr10	11403186	C	T	chr10:11403186:C:T
chr10	12129741	G	A	chr10:12129741:G:A
chr10	12635305	C	T	chr10:12635305:C:T
chr10	14582111	T	C	chr10:14582111:T:C
chr10	14648095	A	G	chr10:14648095:A:G
chr10	14652059	G	A	chr10:14652059:G:A
chr10	17006709	C	T	chr10:17006709:C:T
chr10	26456116	A	G	chr10:26456116:A:G
chr10	26708342	C	T	chr10:26708342:C:T
chr10	28386897	C	T	chr10:28386897:C:T
chr10	28668925	T	C	chr10:28668925:T:C
chr10	30231448	G	T	chr10:30231448:G:T
chr10	43648311	G	A	chr10:43648311:G:A
chr10	44978892	G	C	chr10:44978892:G:C
chr10	47087828	T	C	chr10:47087828:T:C
chr10	47230793	A	G	chr10:47230793:A:G
chr10	48804855	G	A	chr10:48804855:G:A
chr10	50523144	A	T	chr10:50523144:A:T
chr10	58282816	A	G	chr10:58282816:A:G
chr10	62043713	G	A	chr10:62043713:G:A
chr10	62054043	G	T	chr10:62054043:G:T
chr10	62924695	C	T	chr10:62924695:C:T
chr10	63872514	G	A	chr10:63872514:G:A
chr10	68048724	C	A	chr10:68048724:C:A
chr10	68829721	C	T	chr10:68829721:C:T
chr10	69624569	C	T	chr10:69624569:C:T
chr10	70169239	T	G	chr10:70169239:T:G
chr10	70197701	G	A	chr10:70197701:G:A
chr10	71390766	G	A	chr10:71390766:G:A
chr10	71878019	A	G	chr10:71878019:A:G
chr10	75400924	C	T	chr10:75400924:C:T
chr10	79007449	A	G	chr10:79007449:A:G
chr10	79323492	C	T	chr10:79323492:C:T
chr10	86599956	T	C	chr10:86599956:T:C
chr10	87826952	C	T	chr10:87826952:C:T
chr10	88065116	G	A	chr10:88065116:G:A
chr10	88457902	T	C	chr10:88457902:T:C
chr10	92747855	A	G	chr10:92747855:A:G
chr10	103986559	C	T	chr10:103986559:C:T
chr10	104350336	G	A	chr10:104350336:G:A
chr10	104387667	A	G	chr10:104387667:A:G
chr10	109903180	T	C	chr10:109903180:T:C
chr10	110779709	A	C	chr10:110779709:A:C
chr10	110804526	C	G	chr10:110804526:C:G
chr10	119218251	G	A	chr10:119218251:G:A
chr10	122912139	C	T	chr10:122912139:C:T
chr10	124064934	C	T	chr10:124064934:C:T
chr10	124670264	C	T	chr10:124670264:C:T
chr10	124757325	C	G	chr10:124757325:C:G
chr10	128913311	T	G	chr10:128913311:T:G
chr10	130301095	G	C	chr10:130301095:G:C
chr10	131975243	G	C	chr10:131975243:G:C
chr10	132255627	A	G	chr10:132255627:A:G
chr11	1182048	A	T	chr11:1182048:A:T
chr11	8814394	C	T	chr11:8814394:C:T
chr11	10623494	C	T	chr11:10623494:C:T
chr11	11826460	C	G	chr11:11826460:C:G
chr11	12144775	T	C	chr11:12144775:T:C
chr11	14359282	G	A	chr11:14359282:G:A
chr11	19060848	C	T	chr11:19060848:C:T
chr11	22730546	G	A	chr11:22730546:G:A
chr11	27201383	A	G	chr11:27201383:A:G
chr11	30327091	G	C	chr11:30327091:G:C
chr11	33700912	G	C	chr11:33700912:G:C
chr11	34313358	T	C	chr11:34313358:T:C
chr11	44538644	G	A	chr11:44538644:G:A
chr11	44596685	G	C	chr11:44596685:G:C
chr11	44911427	G	C	chr11:44911427:G:C
chr11	46305552	C	T	chr11:46305552:C:T
chr11	61070508	C	G	chr11:61070508:C:G
chr11	61815236	T	C	chr11:61815236:T:C
chr11	61972004	C	T	chr11:61972004:C:T
chr11	62325104	G	T	chr11:62325104:G:T
chr11	62426940	C	A	chr11:62426940:C:A
chr11	63551328	G	A	chr11:63551328:G:A
chr11	64761278	A	G	chr11:64761278:A:G
chr11	65546290	C	T	chr11:65546290:C:T
chr11	65791795	A	G	chr11:65791795:A:G
chr11	65810272	C	T	chr11:65810272:C:T
chr11	65879789	A	G	chr11:65879789:A:G
chr11	68008892	C	T	chr11:68008892:C:T
chr11	68825790	A	G	chr11:68825790:A:G
chr11	73242795	T	C	chr11:73242795:T:C
chr11	73982793	G	A	chr11:73982793:G:A
chr11	74388847	T	C	chr11:74388847:T:C
chr11	74748720	G	A	chr11:74748720:G:A
chr11	75323669	C	A	chr11:75323669:C:A
chr11	95254460	G	A	chr11:95254460:G:A
chr11	96426939	G	A	chr11:96426939:G:A
chr11	102561747	T	C	chr11:102561747:T:C
chr11	103682455	A	G	chr11:103682455:A:G
chr11	111602364	G	A	chr11:111602364:G:A
chr11	111944207	A	C	chr11:111944207:A:C
chr11	112211770	A	G	chr11:112211770:A:G
chr11	114087158	G	A	chr11:114087158:G:A
chr11	118044944	G	C	chr11:118044944:G:C
chr11	121452768	G	C	chr11:121452768:G:C
chr11	121964681	T	C	chr11:121964681:T:C
chr11	128157818	T	G	chr11:128157818:T:G
chr11	128465762	G	A	chr11:128465762:G:A
chr11	128476898	T	C	chr11:128476898:T:C
chr11	128575375	C	G	chr11:128575375:C:G
chr11	129024219	T	C	chr11:129024219:T:C
chr12	630843	C	G	chr12:630843:C:G
chr12	1800813	G	A	chr12:1800813:G:A
chr12	4224394	A	G	chr12:4224394:A:G
chr12	6542515	T	A	chr12:6542515:T:A
chr12	7460806	C	T	chr12:7460806:C:T
chr12	7938243	T	C	chr12:7938243:T:C
chr12	8572798	C	T	chr12:8572798:C:T
chr12	9868373	C	A	chr12:9868373:C:A
chr12	12072273	C	T	chr12:12072273:C:T
chr12	12334513	G	A	chr12:12334513:G:A
chr12	12396937	T	G	chr12:12396937:T:G
chr12	12475285	T	C	chr12:12475285:T:C
chr12	12808440	G	C	chr12:12808440:G:C
chr12	12839208	T	C	chr12:12839208:T:C
chr12	14939445	A	G	chr12:14939445:A:G
chr12	15181930	C	G	chr12:15181930:C:G
chr12	15580735	G	A	chr12:15580735:G:A
chr12	19616275	C	T	chr12:19616275:C:T
chr12	19620312	T	C	chr12:19620312:T:C
chr12	22250987	C	T	chr12:22250987:C:T
chr12	25052195	C	A	chr12:25052195:C:A
chr12	25386694	A	T	chr12:25386694:A:T
chr12	48542507	G	A	chr12:48542507:G:A
chr12	48716799	C	G	chr12:48716799:C:G
chr12	48866175	G	T	chr12:48866175:G:T
chr12	49111401	C	T	chr12:49111401:C:T
chr12	51202980	T	C	chr12:51202980:T:C
chr12	51441793	G	A	chr12:51441793:G:A
chr12	52641676	C	T	chr12:52641676:C:T
chr12	56157753	C	G	chr12:56157753:C:G
chr12	56636242	T	C	chr12:56636242:T:C
chr12	57031362	C	T	chr12:57031362:C:T
chr12	57847245	T	G	chr12:57847245:T:G
chr12	63844106	G	T	chr12:63844106:G:T
chr12	65741535	G	T	chr12:65741535:G:T
chr12	66970372	T	C	chr12:66970372:T:C
chr12	67593583	G	A	chr12:67593583:G:A
chr12	67891078	G	T	chr12:67891078:G:T
chr12	79934020	G	A	chr12:79934020:G:A
chr12	88111301	T	C	chr12:88111301:T:C
chr12	89525791	C	T	chr12:89525791:C:T
chr12	90299326	G	A	chr12:90299326:G:A
chr12	91811861	A	G	chr12:91811861:A:G
chr12	92898971	C	T	chr12:92898971:C:T
chr12	95553298	C	T	chr12:95553298:C:T
chr12	98699059	A	G	chr12:98699059:A:G
chr12	102374376	C	T	chr12:102374376:C:T
chr12	103658346	C	A	chr12:103658346:C:A
chr12	104220070	C	G	chr12:104220070:C:G
chr12	105276559	C	T	chr12:105276559:C:T
chr12	105330081	A	G	chr12:105330081:A:G
chr12	106306931	A	G	chr12:106306931:A:G
chr12	116480599	T	C	chr12:116480599:T:C
chr12	116508439	T	G	chr12:116508439:T:G
chr12	117134352	G	A	chr12:117134352:G:A
chr12	132660160	C	T	chr12:132660160:C:T
chr13	20489385	A	G	chr13:20489385:A:G
chr13	21675836	A	G	chr13:21675836:A:G
chr13	21885385	A	T	chr13:21885385:A:T
chr13	22216811	T	C	chr13:22216811:T:C
chr13	24426237	G	A	chr13:24426237:G:A
chr13	24606013	C	T	chr13:24606013:C:T
chr13	26254910	T	C	chr13:26254910:T:C
chr13	27477497	G	A	chr13:27477497:G:A
chr13	28658281	C	T	chr13:28658281:C:T
chr13	30142969	G	A	chr13:30142969:G:A
chr13	30573151	T	C	chr13:30573151:T:C
chr13	30774311	A	C	chr13:30774311:A:C
chr13	36346781	C	G	chr13:36346781:C:G
chr13	40665969	C	T	chr13:40665969:C:T
chr13	45623688	T	C	chr13:45623688:T:C
chr13	46182197	T	C	chr13:46182197:T:C
chr13	48144610	C	A	chr13:48144610:C:A
chr13	49098304	G	A	chr13:49098304:G:A
chr13	49444706	T	G	chr13:49444706:T:G
chr13	75327342	T	C	chr13:75327342:T:C
chr13	98557561	C	T	chr13:98557561:C:T
chr13	98976176	C	T	chr13:98976176:C:T
chr13	99045026	G	A	chr13:99045026:G:A
chr13	99061572	G	A	chr13:99061572:G:A
chr13	104922639	C	G	chr13:104922639:C:G
chr13	106696276	A	G	chr13:106696276:A:G
chr13	110524674	T	C	chr13:110524674:T:C
chr13	110683382	C	A	chr13:110683382:C:A
chr13	112942946	C	T	chr13:112942946:C:T
chr13	114134675	T	C	chr13:114134675:T:C
chr13	114141780	A	G	chr13:114141780:A:G
chr13	114279784	T	C	chr13:114279784:T:C
chr14	21797105	C	T	chr14:21797105:C:T
chr14	24484059	G	C	chr14:24484059:G:C
chr14	32201294	C	G	chr14:32201294:C:G
chr14	35370030	G	C	chr14:35370030:G:C
chr14	38071207	C	T	chr14:38071207:C:T
chr14	50091250	C	G	chr14:50091250:C:G
chr14	52021048	T	C	chr14:52021048:T:C
chr14	57390444	G	C	chr14:57390444:G:C
chr14	60048128	A	G	chr14:60048128:A:G
chr14	61334362	C	T	chr14:61334362:C:T
chr14	61492664	C	T	chr14:61492664:C:T
chr14	63841129	G	T	chr14:63841129:G:T
chr14	64504692	A	T	chr14:64504692:A:T
chr14	65961193	C	T	chr14:65961193:C:T
chr14	67464687	T	C	chr14:67464687:T:C
chr14	67497971	T	A	chr14:67497971:T:A
chr14	68506368	C	T	chr14:68506368:C:T
chr14	75294152	G	C	chr14:75294152:G:C
chr14	76930293	C	T	chr14:76930293:C:T
chr14	77086538	A	G	chr14:77086538:A:G
chr14	77101076	C	T	chr14:77101076:C:T
chr14	77121593	C	A	chr14:77121593:C:A
chr14	77182284	G	A	chr14:77182284:G:A
chr14	77581111	T	C	chr14:77581111:T:C
chr14	77760507	G	A	chr14:77760507:G:A
chr14	89751455	T	C	chr14:89751455:T:C
chr14	97977201	A	G	chr14:97977201:A:G
chr14	99442115	C	A	chr14:99442115:C:A
chr14	104642241	A	G	chr14:104642241:A:G
chr14	104816103	A	G	chr14:104816103:A:G
chr14	105087055	G	A	chr14:105087055:G:A
chr14	105530256	G	C	chr14:105530256:G:C
chr14	106875678	G	A	chr14:106875678:G:A
chr15	22839992	C	G	chr15:22839992:C:G
chr15	33022762	G	A	chr15:33022762:G:A
chr15	33226761	T	C	chr15:33226761:T:C
chr15	34315868	G	A	chr15:34315868:G:A
chr15	40105735	G	T	chr15:40105735:G:T
chr15	40321041	G	A	chr15:40321041:G:A
chr15	44427809	A	G	chr15:44427809:A:G
chr15	49061021	C	T	chr15:49061021:C:T
chr15	51735340	G	T	chr15:51735340:G:T
chr15	51736717	A	G	chr15:51736717:A:G
chr15	51777193	G	A	chr15:51777193:G:A
chr15	58410564	C	T	chr15:58410564:C:T
chr15	60586018	T	C	chr15:60586018:T:C
chr15	67067400	G	A	chr15:67067400:G:A
chr15	67763232	A	G	chr15:67763232:A:G
chr15	68306813	C	G	chr15:68306813:C:G
chr15	71353466	G	A	chr15:71353466:G:A
chr15	71387181	C	G	chr15:71387181:C:G
chr15	72534747	T	C	chr15:72534747:T:C
chr15	72740427	G	A	chr15:72740427:G:A
chr15	73982829	A	G	chr15:73982829:A:G
chr15	73992464	C	G	chr15:73992464:C:G
chr15	73994541	C	T	chr15:73994541:C:T
chr15	74782041	G	T	chr15:74782041:G:T
chr15	77119052	T	A	chr15:77119052:T:A
chr15	78072876	A	G	chr15:78072876:A:G
chr15	80783457	T	A	chr15:80783457:T:A
chr15	81303031	G	A	chr15:81303031:G:A
chr15	84634492	T	G	chr15:84634492:T:G
chr15	85009091	G	A	chr15:85009091:G:A
chr15	85424322	C	G	chr15:85424322:C:G
chr15	85785655	T	G	chr15:85785655:T:G
chr15	87681260	G	A	chr15:87681260:G:A
chr15	91453503	C	T	chr15:91453503:C:T
chr15	91522766	C	G	chr15:91522766:C:G
chr15	91524325	T	C	chr15:91524325:T:C
chr15	91529614	T	G	chr15:91529614:T:G
chr15	93021538	T	C	chr15:93021538:T:C
chr15	95734164	C	T	chr15:95734164:C:T
chr15	99451061	T	C	chr15:99451061:T:C
chr15	99616931	C	T	chr15:99616931:C:T
chr15	100229655	A	G	chr15:100229655:A:G
chr16	355416	A	G	chr16:355416:A:G
chr16	2739729	C	T	chr16:2739729:C:T
chr16	3102232	C	T	chr16:3102232:C:T
chr16	3106591	G	A	chr16:3106591:G:A
chr16	3183415	G	C	chr16:3183415:G:C
chr16	4748071	C	G	chr16:4748071:C:G
chr16	5239676	C	A	chr16:5239676:C:A
chr16	10553361	A	G	chr16:10553361:A:G
chr16	11609202	T	G	chr16:11609202:T:G
chr16	12124765	A	G	chr16:12124765:A:G
chr16	13919522	C	T	chr16:13919522:C:T
chr16	14003484	T	C	chr16:14003484:T:C
chr16	18956052	A	G	chr16:18956052:A:G
chr16	21953343	C	T	chr16:21953343:C:T
chr16	22381584	T	C	chr16:22381584:T:C
chr16	23852239	G	C	chr16:23852239:G:C
chr16	27402245	C	T	chr16:27402245:C:T
chr16	28137209	A	G	chr16:28137209:A:G
chr16	31159853	C	T	chr16:31159853:C:T
chr16	31467390	G	A	chr16:31467390:G:A
chr16	31701366	T	G	chr16:31701366:T:G
chr16	48558465	G	C	chr16:48558465:G:C
chr16	53091018	C	T	chr16:53091018:C:T
chr16	53450068	C	A	chr16:53450068:C:A
chr16	53547207	C	A	chr16:53547207:C:A
chr16	54929389	G	T	chr16:54929389:G:T
chr16	56625613	C	G	chr16:56625613:C:G
chr16	57126526	T	A	chr16:57126526:T:A
chr16	59259753	C	T	chr16:59259753:C:T
chr16	66150894	A	G	chr16:66150894:A:G
chr16	68426312	T	C	chr16:68426312:T:C
chr16	71894435	G	C	chr16:71894435:G:C
chr16	80578370	G	T	chr16:80578370:G:T
chr16	84553643	G	T	chr16:84553643:G:T
chr16	84925346	T	A	chr16:84925346:T:A
chr16	87543949	C	T	chr16:87543949:C:T
chr16	88550548	G	A	chr16:88550548:G:A
chr16	89446826	C	T	chr16:89446826:C:T
chr16	89455452	A	G	chr16:89455452:A:G
chr16	90070726	T	C	chr16:90070726:T:C
chr17	432662	T	C	chr17:432662:T:C
chr17	2338017	G	A	chr17:2338017:G:A
chr17	3911424	C	T	chr17:3911424:C:T
chr17	4909175	A	G	chr17:4909175:A:G
chr17	4986484	G	A	chr17:4986484:G:A
chr17	5583844	C	G	chr17:5583844:C:G
chr17	7583790	A	G	chr17:7583790:A:G
chr17	14069497	G	A	chr17:14069497:G:A
chr17	16989527	T	C	chr17:16989527:T:C
chr17	16997733	T	G	chr17:16997733:T:G
chr17	17741050	G	A	chr17:17741050:G:A
chr17	18932864	C	T	chr17:18932864:C:T
chr17	19648727	G	A	chr17:19648727:G:A
chr17	19805806	T	C	chr17:19805806:T:C
chr17	20896185	G	A	chr17:20896185:G:A
chr17	28897781	T	C	chr17:28897781:T:C
chr17	29294331	C	T	chr17:29294331:C:T
chr17	32828511	G	A	chr17:32828511:G:A
chr17	34840929	A	G	chr17:34840929:A:G
chr17	38922078	G	A	chr17:38922078:G:A
chr17	39094782	C	T	chr17:39094782:C:T
chr17	39151563	C	A	chr17:39151563:C:A
chr17	39658541	G	C	chr17:39658541:G:C
chr17	39872867	C	G	chr17:39872867:C:G
chr17	40096407	G	A	chr17:40096407:G:A
chr17	40819076	G	A	chr17:40819076:G:A
chr17	41134054	G	T	chr17:41134054:G:T
chr17	42441903	C	T	chr17:42441903:C:T
chr17	43212891	A	G	chr17:43212891:A:G
chr17	44865387	C	T	chr17:44865387:C:T
chr17	45022111	G	A	chr17:45022111:G:A
chr17	48513357	T	G	chr17:48513357:T:G
chr17	51536026	C	G	chr17:51536026:C:G
chr17	59210093	A	G	chr17:59210093:A:G
chr17	59324349	G	A	chr17:59324349:G:A
chr17	63585819	C	T	chr17:63585819:C:T
chr17	64218246	C	A	chr17:64218246:C:A
chr17	65657097	G	A	chr17:65657097:G:A
chr17	67221251	T	C	chr17:67221251:T:C
chr17	68060566	A	G	chr17:68060566:A:G
chr17	73657714	A	G	chr17:73657714:A:G
chr17	74008356	C	A	chr17:74008356:C:A
chr17	74603279	G	A	chr17:74603279:G:A
chr17	76279678	G	A	chr17:76279678:G:A
chr17	76643729	A	G	chr17:76643729:A:G
chr17	76752247	T	C	chr17:76752247:T:C
chr17	78125237	G	A	chr17:78125237:G:A
chr17	78806566	T	C	chr17:78806566:T:C
chr17	80261121	G	A	chr17:80261121:G:A
chr17	82273798	G	T	chr17:82273798:G:T
chr17	82400986	A	G	chr17:82400986:A:G
chr18	2656990	A	G	chr18:2656990:A:G
chr18	5122302	T	G	chr18:5122302:T:G
chr18	5159266	A	G	chr18:5159266:A:G
chr18	9913933	C	A	chr18:9913933:C:A
chr18	13377129	A	G	chr18:13377129:A:G
chr18	26175682	C	T	chr18:26175682:C:T
chr18	34860657	G	T	chr18:34860657:G:T
chr18	45998399	G	A	chr18:45998399:G:A
chr18	46419460	C	T	chr18:46419460:C:T
chr18	47833809	G	A	chr18:47833809:G:A
chr18	47912132	G	A	chr18:47912132:G:A
chr18	49399152	A	T	chr18:49399152:A:T
chr18	51303805	C	A	chr18:51303805:C:A
chr18	54086580	A	G	chr18:54086580:A:G
chr18	58317231	A	G	chr18:58317231:A:G
chr18	58629573	A	T	chr18:58629573:A:T
chr18	62033400	G	A	chr18:62033400:G:A
chr18	62452492	C	T	chr18:62452492:C:T
chr18	63235095	A	C	chr18:63235095:A:C
chr18	76406212	G	A	chr18:76406212:G:A
chr18	76658785	T	C	chr18:76658785:T:C
chr18	79912791	C	T	chr18:79912791:C:T
chr18	79914379	A	G	chr18:79914379:A:G
chr19	588860	T	C	chr19:588860:T:C
chr19	906703	G	C	chr19:906703:G:C
chr19	2841362	G	A	chr19:2841362:G:A
chr19	3849323	A	C	chr19:3849323:A:C
chr19	5125999	A	G	chr19:5125999:A:G
chr19	5130865	G	A	chr19:5130865:G:A
chr19	9431666	T	C	chr19:9431666:T:C
chr19	12156477	T	C	chr19:12156477:T:C
chr19	12766150	G	C	chr19:12766150:G:C
chr19	13215727	C	T	chr19:13215727:C:T
chr19	13304819	C	T	chr19:13304819:C:T
chr19	17090710	T	G	chr19:17090710:T:G
chr19	17267350	T	C	chr19:17267350:T:C
chr19	17795098	G	A	chr19:17795098:G:A
chr19	18097581	T	G	chr19:18097581:T:G
chr19	18328573	C	T	chr19:18328573:C:T
chr19	20162971	G	A	chr19:20162971:G:A
chr19	21203072	G	A	chr19:21203072:G:A
chr19	32599851	G	A	chr19:32599851:G:A
chr19	35775463	G	A	chr19:35775463:G:A
chr19	38374996	G	C	chr19:38374996:G:C
chr19	38618083	C	T	chr19:38618083:C:T
chr19	40090455	C	T	chr19:40090455:C:T
chr19	41176369	A	G	chr19:41176369:A:G
chr19	41226518	T	C	chr19:41226518:T:C
chr19	41449510	T	G	chr19:41449510:T:G
chr19	41958636	G	A	chr19:41958636:G:A
chr19	41959295	C	T	chr19:41959295:C:T
chr19	43425841	T	C	chr19:43425841:T:C
chr19	43504696	G	C	chr19:43504696:G:C
chr19	45645645	C	A	chr19:45645645:C:A
chr19	46371769	C	G	chr19:46371769:C:G
chr19	48190671	C	G	chr19:48190671:C:G
chr19	48210188	G	T	chr19:48210188:G:T
chr19	48260299	G	A	chr19:48260299:G:A
chr19	48962469	A	G	chr19:48962469:A:G
chr19	49470527	A	G	chr19:49470527:A:G
chr19	50364694	A	T	chr19:50364694:A:T
chr19	51016944	C	T	chr19:51016944:C:T
chr19	52140271	T	A	chr19:52140271:T:A
chr19	53537607	G	C	chr19:53537607:G:C
chr19	53554523	C	G	chr19:53554523:C:G
chr19	55166155	C	T	chr19:55166155:C:T
chr19	56350700	C	G	chr19:56350700:C:G
chr19	57171803	G	A	chr19:57171803:G:A
chr20	238370	A	G	chr20:238370:A:G
chr20	1281775	G	A	chr20:1281775:G:A
chr20	5298347	C	T	chr20:5298347:C:T
chr20	5804500	T	G	chr20:5804500:T:G
chr20	13142270	A	G	chr20:13142270:A:G
chr20	18508110	G	C	chr20:18508110:G:C
chr20	21414193	C	T	chr20:21414193:C:T
chr20	23873532	G	A	chr20:23873532:G:A
chr20	25585849	A	G	chr20:25585849:A:G
chr20	34710007	A	C	chr20:34710007:A:C
chr20	36843582	G	A	chr20:36843582:G:A
chr20	37745733	A	G	chr20:37745733:A:G
chr20	43788152	G	C	chr20:43788152:G:C
chr20	44750623	A	C	chr20:44750623:A:C
chr20	44979487	G	C	chr20:44979487:G:C
chr20	46366057	A	G	chr20:46366057:A:G
chr20	48467903	T	A	chr20:48467903:T:A
chr20	48657874	T	C	chr20:48657874:T:C
chr20	50817989	A	G	chr20:50817989:A:G
chr20	53217485	G	A	chr20:53217485:G:A
chr20	53740495	C	G	chr20:53740495:C:G
chr20	57629584	G	A	chr20:57629584:G:A
chr20	62937465	C	T	chr20:62937465:C:T
chr21	14121867	C	T	chr21:14121867:C:T
chr21	30979261	G	A	chr21:30979261:G:A
chr21	31213973	A	G	chr21:31213973:A:G
chr21	31382566	C	T	chr21:31382566:C:T
chr21	31899245	T	C	chr21:31899245:T:C
chr21	32601186	G	A	chr21:32601186:G:A
chr21	34649599	T	C	chr21:34649599:T:C
chr21	34688369	C	G	chr21:34688369:C:G
chr21	35015531	T	C	chr21:35015531:T:C
chr21	36114244	A	C	chr21:36114244:A:C
chr21	38804769	C	T	chr21:38804769:C:T
chr21	42381603	C	A	chr21:42381603:C:A
chr21	43660671	A	T	chr21:43660671:A:T
chr21	43733198	G	C	chr21:43733198:G:C
chr21	44065707	A	T	chr21:44065707:A:T
chr21	45094555	T	C	chr21:45094555:T:C
chr21	45257122	C	A	chr21:45257122:C:A
chr21	45556197	C	T	chr21:45556197:C:T
chr21	45880592	C	T	chr21:45880592:C:T
chr21	46550301	A	G	chr21:46550301:A:G
chr21	46626822	G	A	chr21:46626822:G:A
chr22	16917618	T	C	chr22:16917618:T:C
chr22	17304087	G	A	chr22:17304087:G:A
chr22	17771866	C	T	chr22:17771866:C:T
chr22	19810549	G	C	chr22:19810549:G:C
chr22	20576704	T	G	chr22:20576704:T:G
chr22	22753761	G	C	chr22:22753761:G:C
chr22	36239710	G	A	chr22:36239710:G:A
chr22	37896481	G	A	chr22:37896481:G:A
chr22	39490212	C	G	chr22:39490212:C:G
chr22	39557564	G	A	chr22:39557564:G:A
chr22	40711714	G	A	chr22:40711714:G:A
chr22	41337389	A	G	chr22:41337389:A:G
chr22	42296531	G	A	chr22:42296531:G:A
chr22	44031371	T	C	chr22:44031371:T:C
chr22	45179587	A	G	chr22:45179587:A:G
chr22	45337318	T	C	chr22:45337318:T:C
chr22	46006556	T	A	chr22:46006556:T:A
chrX	39850941	C	T	chrX:39850941:C:T
chrX	53239684	G	C	chrX:53239684:G:C
chrX	53441782	T	G	chrX:53441782:T:G
chrX	56813500	G	C	chrX:56813500:G:C
chrX	57121511	G	T	chrX:57121511:G:T
chrX	71118549	A	G	chrX:71118549:A:G
chrX	119756311	C	A	chrX:119756311:C:A
chrX	120561769	A	G	chrX:120561769:A:G
chrX	135052279	A	G	chrX:135052279:A:G
chrX	153105844	G	C	chrX:153105844:G:C
