chr1	817186	G	A	chr1:817186:G:A
chr1	817341	A	G	chr1:817341:A:G
chr1	817514	T	C	chr1:817514:T:C
chr1	897376	T	G	chr1:897376:T:G
chr1	897538	T	C	chr1:897538:T:C
chr1	905373	T	C	chr1:905373:T:C
chr1	906982	C	T	chr1:906982:C:T
chr1	913065	G	A	chr1:913065:G:A
chr1	913076	A	G	chr1:913076:A:G
chr1	941569	G	C	chr1:941569:G:C
chr1	941767	G	A	chr1:941767:G:A
chr1	955641	G	A	chr1:955641:G:A
chr1	955679	C	T	chr1:955679:C:T
chr1	959193	G	A	chr1:959193:G:A
chr1	966179	G	A	chr1:966179:G:A
chr1	966227	C	G	chr1:966227:C:G
chr1	966426	G	C	chr1:966426:G:C
chr1	966908	G	A	chr1:966908:G:A
chr1	976215	A	G	chr1:976215:A:G
chr1	984121	G	T	chr1:984121:G:T
chr1	994949	C	T	chr1:994949:C:T
chr1	994997	C	T	chr1:994997:C:T
chr1	995153	C	G	chr1:995153:C:G
chr1	997506	C	T	chr1:997506:C:T
chr1	999842	C	A	chr1:999842:C:A
chr1	1000079	A	G	chr1:1000079:A:G
chr1	1000112	G	T	chr1:1000112:G:T
chr1	1000291	C	G	chr1:1000291:C:G
chr1	1000335	C	T	chr1:1000335:C:T
chr1	1000686	G	C	chr1:1000686:G:C
chr1	1000731	C	T	chr1:1000731:C:T
chr1	1000814	A	G	chr1:1000814:A:G
chr1	1000830	C	A	chr1:1000830:C:A
chr1	1001870	C	G	chr1:1001870:C:G
chr1	1009184	T	C	chr1:1009184:T:C
chr1	1014863	A	C	chr1:1014863:A:C
chr1	1019397	C	A	chr1:1019397:C:A
chr1	1021740	G	C	chr1:1021740:G:C
chr1	1022518	G	T	chr1:1022518:G:T
chr1	1022868	A	G	chr1:1022868:A:G
chr1	1027226	G	A	chr1:1027226:G:A
chr1	1027340	C	T	chr1:1027340:C:T
chr1	1034279	G	A	chr1:1034279:G:A
chr1	1062214	C	T	chr1:1062214:C:T
chr1	1069577	G	A	chr1:1069577:G:A
chr1	1069600	G	A	chr1:1069600:G:A
chr1	1079456	A	G	chr1:1079456:A:G
chr1	1079484	T	A	chr1:1079484:T:A
chr1	1079877	A	G	chr1:1079877:A:G
chr1	1080171	C	T	chr1:1080171:C:T
chr1	1104437	A	G	chr1:1104437:A:G
chr1	1117566	G	T	chr1:1117566:G:T
chr1	1122042	G	C	chr1:1122042:G:C
chr1	1158683	T	C	chr1:1158683:T:C
chr1	1173774	G	A	chr1:1173774:G:A
chr1	1173872	A	G	chr1:1173872:A:G
chr1	1189283	G	A	chr1:1189283:G:A
chr1	1208071	A	G	chr1:1208071:A:G
chr1	1214657	T	C	chr1:1214657:T:C
chr1	1214801	G	C	chr1:1214801:G:C
chr1	1230797	G	C	chr1:1230797:G:C
chr1	1230825	C	T	chr1:1230825:C:T
chr1	1231507	T	C	chr1:1231507:T:C
chr1	1241053	A	G	chr1:1241053:A:G
chr1	1241217	T	C	chr1:1241217:T:C
chr1	1260310	G	C	chr1:1260310:G:C
chr1	1274159	C	A	chr1:1274159:C:A
chr1	1304881	G	C	chr1:1304881:G:C
chr1	1305337	T	C	chr1:1305337:T:C
chr1	1305643	A	G	chr1:1305643:A:G
chr1	1307276	G	A	chr1:1307276:G:A
chr1	1324788	C	A	chr1:1324788:C:A
chr1	1325353	A	C	chr1:1325353:A:C
chr1	1337898	A	G	chr1:1337898:A:G
chr1	1351660	T	C	chr1:1351660:T:C
chr1	1351747	G	A	chr1:1351747:G:A
chr1	1352069	T	A	chr1:1352069:T:A
chr1	1371986	G	A	chr1:1371986:G:A
chr1	1372258	T	C	chr1:1372258:T:C
chr1	1375288	A	C	chr1:1375288:A:C
chr1	1375544	T	C	chr1:1375544:T:C
chr1	1375595	C	T	chr1:1375595:C:T
chr1	1375642	C	T	chr1:1375642:C:T
chr1	1399838	G	A	chr1:1399838:G:A
chr1	1399922	C	T	chr1:1399922:C:T
chr1	1407232	G	C	chr1:1407232:G:C
chr1	1407755	G	A	chr1:1407755:G:A
chr1	1471591	C	G	chr1:1471591:C:G
chr1	1511945	G	A	chr1:1511945:G:A
chr1	1594599	T	C	chr1:1594599:T:C
chr1	1594618	C	G	chr1:1594618:C:G
chr1	1594817	A	C	chr1:1594817:A:C
chr1	1594820	C	T	chr1:1594820:C:T
chr1	1614370	C	A	chr1:1614370:C:A
chr1	1614531	T	C	chr1:1614531:T:C
chr1	1615322	A	G	chr1:1615322:A:G
chr1	1615365	A	C	chr1:1615365:A:C
chr1	1616048	C	T	chr1:1616048:C:T
chr1	1631710	T	C	chr1:1631710:T:C
chr1	1659058	G	C	chr1:1659058:G:C
chr1	1659060	G	A	chr1:1659060:G:A
chr1	1659065	C	G	chr1:1659065:C:G
chr1	1659114	A	G	chr1:1659114:A:G
chr1	1679041	C	G	chr1:1679041:C:G
chr1	1679100	A	G	chr1:1679100:A:G
chr1	1724489	G	C	chr1:1724489:G:C
chr1	1782906	T	G	chr1:1782906:T:G
chr1	1857250	C	G	chr1:1857250:C:G
chr1	1890472	C	G	chr1:1890472:C:G
chr1	1906439	C	T	chr1:1906439:C:T
chr1	1909167	G	A	chr1:1909167:G:A
chr1	1919475	A	G	chr1:1919475:A:G
chr1	1920695	A	G	chr1:1920695:A:G
chr1	1944074	T	C	chr1:1944074:T:C
chr1	1944091	G	C	chr1:1944091:G:C
chr1	1944182	G	C	chr1:1944182:G:C
chr1	1960161	C	T	chr1:1960161:C:T
chr1	2050397	C	T	chr1:2050397:C:T
chr1	2091780	G	A	chr1:2091780:G:A
chr1	2112545	C	T	chr1:2112545:C:T
chr1	2112598	T	C	chr1:2112598:T:C
chr1	2112615	A	C	chr1:2112615:A:C
chr1	2139901	C	A	chr1:2139901:C:A
chr1	2140117	A	G	chr1:2140117:A:G
chr1	2146433	A	G	chr1:2146433:A:G
chr1	2149374	G	T	chr1:2149374:G:T
chr1	2151019	C	T	chr1:2151019:C:T
chr1	2151050	G	A	chr1:2151050:G:A
chr1	2151066	C	T	chr1:2151066:C:T
chr1	2151127	T	C	chr1:2151127:T:C
chr1	2151163	A	G	chr1:2151163:A:G
chr1	2151283	T	C	chr1:2151283:T:C
chr1	2151390	G	A	chr1:2151390:G:A
chr1	2151734	A	G	chr1:2151734:A:G
chr1	2159377	T	C	chr1:2159377:T:C
chr1	2174439	G	A	chr1:2174439:G:A
chr1	2189679	C	T	chr1:2189679:C:T
chr1	2204652	A	G	chr1:2204652:A:G
chr1	2212668	A	G	chr1:2212668:A:G
chr1	2232129	C	T	chr1:2232129:C:T
chr1	2234479	G	C	chr1:2234479:G:C
chr1	2237640	C	T	chr1:2237640:C:T
chr1	2237776	G	A	chr1:2237776:G:A
chr1	2240544	C	T	chr1:2240544:C:T
chr1	2246288	T	C	chr1:2246288:T:C
chr1	2246767	C	G	chr1:2246767:C:G
chr1	2246860	G	T	chr1:2246860:G:T
chr1	2246972	C	G	chr1:2246972:C:G
chr1	2255546	G	A	chr1:2255546:G:A
chr1	2255646	T	G	chr1:2255646:T:G
chr1	2276041	C	G	chr1:2276041:C:G
chr1	2276074	T	C	chr1:2276074:T:C
chr1	2290195	G	C	chr1:2290195:G:C
chr1	2290197	A	T	chr1:2290197:A:T
chr1	2290637	G	A	chr1:2290637:G:A
chr1	2290738	G	A	chr1:2290738:G:A
chr1	2290929	G	A	chr1:2290929:G:A
chr1	2291058	G	A	chr1:2291058:G:A
chr1	2291121	A	G	chr1:2291121:A:G
chr1	2291144	T	C	chr1:2291144:T:C
chr1	2299360	T	C	chr1:2299360:T:C
chr1	2301087	G	T	chr1:2301087:G:T
chr1	2301093	G	A	chr1:2301093:G:A
chr1	2313782	C	T	chr1:2313782:C:T
chr1	2314000	T	C	chr1:2314000:T:C
chr1	2314131	C	G	chr1:2314131:C:G
chr1	2391602	T	C	chr1:2391602:T:C
chr1	2392128	T	C	chr1:2392128:T:C
chr1	2392427	C	T	chr1:2392427:C:T
chr1	2412476	C	T	chr1:2412476:C:T
chr1	2414527	T	G	chr1:2414527:T:G
chr1	2414660	C	G	chr1:2414660:C:G
chr1	2912986	A	G	chr1:2912986:A:G
chr1	2922141	T	G	chr1:2922141:T:G
chr1	2922233	G	C	chr1:2922233:G:C
chr1	2922443	A	G	chr1:2922443:A:G
chr1	2926499	T	C	chr1:2926499:T:C
chr1	2926615	G	A	chr1:2926615:G:A
chr1	2926863	C	A	chr1:2926863:C:A
chr1	2926912	A	G	chr1:2926912:A:G
chr1	2927502	A	G	chr1:2927502:A:G
chr1	2927689	A	T	chr1:2927689:A:T
chr1	3175023	C	T	chr1:3175023:C:T
chr1	3182007	A	G	chr1:3182007:A:G
chr1	3182097	A	G	chr1:3182097:A:G
chr1	3182151	T	C	chr1:3182151:T:C
chr1	3182282	G	A	chr1:3182282:G:A
chr1	3182337	T	C	chr1:3182337:T:C
chr1	3192587	G	A	chr1:3192587:G:A
chr1	3222421	C	T	chr1:3222421:C:T
chr1	3222431	A	G	chr1:3222431:A:G
chr1	3313142	G	A	chr1:3313142:G:A
chr1	3313426	T	C	chr1:3313426:T:C
chr1	3320009	G	C	chr1:3320009:G:C
chr1	3320163	G	A	chr1:3320163:G:A
chr1	3320330	G	A	chr1:3320330:G:A
chr1	3320346	A	G	chr1:3320346:A:G
chr1	3453256	C	T	chr1:3453256:C:T
chr1	3453283	A	G	chr1:3453283:A:G
chr1	3455048	C	T	chr1:3455048:C:T
chr1	3491435	C	T	chr1:3491435:C:T
chr1	3491619	A	T	chr1:3491619:A:T
chr1	3538678	G	A	chr1:3538678:G:A
chr1	3565372	C	A	chr1:3565372:C:A
chr1	3593980	A	T	chr1:3593980:A:T
chr1	3594069	C	A	chr1:3594069:C:A
chr1	3610802	C	T	chr1:3610802:C:T
chr1	3615357	G	T	chr1:3615357:G:T
chr1	3615520	C	T	chr1:3615520:C:T
chr1	3618986	G	A	chr1:3618986:G:A
chr1	3618992	C	T	chr1:3618992:C:T
chr1	3618993	A	G	chr1:3618993:A:G
chr1	3619114	A	G	chr1:3619114:A:G
chr1	3619116	G	C	chr1:3619116:G:C
chr1	3624836	G	A	chr1:3624836:G:A
chr1	3650080	C	T	chr1:3650080:C:T
chr1	3650142	G	A	chr1:3650142:G:A
chr1	3669018	G	A	chr1:3669018:G:A
chr1	3677541	A	G	chr1:3677541:A:G
chr1	3677850	C	T	chr1:3677850:C:T
chr1	3677927	G	A	chr1:3677927:G:A
chr1	3679133	C	T	chr1:3679133:C:T
chr1	3679204	C	G	chr1:3679204:C:G
chr1	3684235	G	A	chr1:3684235:G:A
chr1	3688533	G	A	chr1:3688533:G:A
chr1	3724518	G	A	chr1:3724518:G:A
chr1	3724559	A	C	chr1:3724559:A:C
chr1	3747077	C	T	chr1:3747077:C:T
chr1	3796463	G	A	chr1:3796463:G:A
chr1	3796705	A	G	chr1:3796705:A:G
chr1	3801379	T	C	chr1:3801379:T:C
chr1	3856688	C	A	chr1:3856688:C:A
chr1	3857154	A	G	chr1:3857154:A:G
chr1	3857169	C	A	chr1:3857169:C:A
chr1	3857566	A	G	chr1:3857566:A:G
chr1	3857574	T	C	chr1:3857574:T:C
chr1	3857732	A	G	chr1:3857732:A:G
chr1	3857748	T	C	chr1:3857748:T:C
chr1	3857909	G	T	chr1:3857909:G:T
chr1	3890079	T	A	chr1:3890079:T:A
chr1	3891329	C	T	chr1:3891329:C:T
chr1	3899683	G	A	chr1:3899683:G:A
chr1	3899743	C	G	chr1:3899743:C:G
chr1	3900290	G	A	chr1:3900290:G:A
chr1	3900640	C	T	chr1:3900640:C:T
chr1	3900696	C	T	chr1:3900696:C:T
chr1	3900826	C	T	chr1:3900826:C:T
chr1	3901407	C	T	chr1:3901407:C:T
chr1	3901474	G	T	chr1:3901474:G:T
chr1	4007282	C	T	chr1:4007282:C:T
chr1	4027648	T	G	chr1:4027648:T:G
chr1	4585378	C	A	chr1:4585378:C:A
chr1	4638386	C	T	chr1:4638386:C:T
chr1	4638499	C	T	chr1:4638499:C:T
chr1	4638617	G	A	chr1:4638617:G:A
chr1	4652928	C	T	chr1:4652928:C:T
chr1	4736236	G	C	chr1:4736236:G:C
chr1	4736357	C	T	chr1:4736357:C:T
chr1	4736498	A	G	chr1:4736498:A:G
chr1	5586142	G	A	chr1:5586142:G:A
chr1	5586204	G	A	chr1:5586204:G:A
chr1	5586297	C	T	chr1:5586297:C:T
chr1	5717860	G	A	chr1:5717860:G:A
chr1	5717880	G	C	chr1:5717880:G:C
chr1	5771255	G	A	chr1:5771255:G:A
chr1	5994206	C	A	chr1:5994206:C:A
chr1	6007580	C	G	chr1:6007580:C:G
chr1	6026251	G	A	chr1:6026251:G:A
chr1	6027143	T	A	chr1:6027143:T:A
chr1	6027181	T	A	chr1:6027181:T:A
chr1	6027949	G	A	chr1:6027949:G:A
chr1	6028304	G	A	chr1:6028304:G:A
chr1	6052593	G	T	chr1:6052593:G:T
chr1	6058884	T	C	chr1:6058884:T:C
chr1	6058975	G	A	chr1:6058975:G:A
chr1	6101217	A	G	chr1:6101217:A:G
chr1	6102347	A	G	chr1:6102347:A:G
chr1	6102523	G	A	chr1:6102523:G:A
chr1	6102573	C	T	chr1:6102573:C:T
chr1	6102585	C	T	chr1:6102585:C:T
chr1	6123388	T	C	chr1:6123388:T:C
chr1	6123468	C	T	chr1:6123468:C:T
chr1	6148694	T	C	chr1:6148694:T:C
chr1	6198965	C	T	chr1:6198965:C:T
chr1	6198983	G	A	chr1:6198983:G:A
chr1	6199070	A	G	chr1:6199070:A:G
chr1	6205308	A	G	chr1:6205308:A:G
chr1	6206036	A	G	chr1:6206036:A:G
chr1	6236178	T	G	chr1:6236178:T:G
chr1	6244993	C	T	chr1:6244993:C:T
chr1	6245232	C	A	chr1:6245232:C:A
chr1	6245243	C	A	chr1:6245243:C:A
chr1	6246852	T	C	chr1:6246852:T:C
chr1	6259995	C	G	chr1:6259995:C:G
chr1	6260255	G	C	chr1:6260255:G:C
chr1	6261096	G	A	chr1:6261096:G:A
chr1	6261254	T	C	chr1:6261254:T:C
chr1	6342289	C	T	chr1:6342289:C:T
chr1	6342370	G	A	chr1:6342370:G:A
chr1	6343469	A	G	chr1:6343469:A:G
chr1	6343627	C	T	chr1:6343627:C:T
chr1	6343822	A	G	chr1:6343822:A:G
chr1	6348000	C	T	chr1:6348000:C:T
chr1	6348214	A	G	chr1:6348214:A:G
chr1	6359833	A	C	chr1:6359833:A:C
chr1	6393563	C	T	chr1:6393563:C:T
chr1	6393579	G	A	chr1:6393579:G:A
chr1	6393650	T	G	chr1:6393650:T:G
chr1	6393684	C	A	chr1:6393684:C:A
chr1	6394109	A	T	chr1:6394109:A:T
chr1	6401635	C	G	chr1:6401635:C:G
chr1	6401661	T	C	chr1:6401661:T:C
chr1	6401676	G	A	chr1:6401676:G:A
chr1	6401749	T	C	chr1:6401749:T:C
chr1	6401964	C	G	chr1:6401964:C:G
chr1	6406248	T	C	chr1:6406248:T:C
chr1	6486627	G	A	chr1:6486627:G:A
chr1	6486724	G	A	chr1:6486724:G:A
chr1	6507189	G	A	chr1:6507189:G:A
chr1	6554475	G	A	chr1:6554475:G:A
chr1	6554593	C	G	chr1:6554593:C:G
chr1	6554687	G	A	chr1:6554687:G:A
chr1	6580056	A	G	chr1:6580056:A:G
chr1	6599812	A	G	chr1:6599812:A:G
chr1	6602853	G	A	chr1:6602853:G:A
chr1	6602971	G	C	chr1:6602971:G:C
chr1	6603065	G	A	chr1:6603065:G:A
chr1	6603494	C	T	chr1:6603494:C:T
chr1	6613720	C	G	chr1:6613720:C:G
chr1	6625382	A	G	chr1:6625382:A:G
chr1	6625791	C	A	chr1:6625791:C:A
chr1	6634867	C	T	chr1:6634867:C:T
chr1	6701642	C	T	chr1:6701642:C:T
chr1	6743397	T	C	chr1:6743397:T:C
chr1	6743687	T	C	chr1:6743687:T:C
chr1	6745236	A	G	chr1:6745236:A:G
chr1	6745564	G	T	chr1:6745564:G:T
chr1	6753504	G	A	chr1:6753504:G:A
chr1	6777095	T	C	chr1:6777095:T:C
chr1	6777157	T	C	chr1:6777157:T:C
chr1	6786419	T	G	chr1:6786419:T:G
chr1	6786492	C	T	chr1:6786492:C:T
chr1	6800962	T	G	chr1:6800962:T:G
chr1	6800984	A	G	chr1:6800984:A:G
chr1	7117684	C	T	chr1:7117684:C:T
chr1	7117753	T	C	chr1:7117753:T:C
chr1	7549444	C	A	chr1:7549444:C:A
chr1	7647227	G	A	chr1:7647227:G:A
chr1	7667794	T	C	chr1:7667794:T:C
chr1	7705537	C	T	chr1:7705537:C:T
chr1	7705638	C	T	chr1:7705638:C:T
chr1	7752780	A	C	chr1:7752780:A:C
chr1	7771292	C	A	chr1:7771292:C:A
chr1	7808357	T	C	chr1:7808357:T:C
chr1	7808665	T	C	chr1:7808665:T:C
chr1	7810655	A	C	chr1:7810655:A:C
chr1	7902894	T	G	chr1:7902894:T:G
chr1	7942371	C	T	chr1:7942371:C:T
chr1	7942450	G	A	chr1:7942450:G:A
chr1	7943004	G	A	chr1:7943004:G:A
chr1	7954388	C	T	chr1:7954388:C:T
chr1	7961680	G	A	chr1:7961680:G:A
chr1	7961718	T	C	chr1:7961718:T:C
chr1	7962137	G	T	chr1:7962137:G:T
chr1	8026467	T	G	chr1:8026467:T:G
chr1	8121150	A	G	chr1:8121150:A:G
chr1	8127151	A	G	chr1:8127151:A:G
chr1	8204397	A	G	chr1:8204397:A:G
chr1	8212171	G	A	chr1:8212171:G:A
chr1	8218839	A	C	chr1:8218839:A:C
chr1	8218869	A	G	chr1:8218869:A:G
chr1	8218994	C	A	chr1:8218994:C:A
chr1	8219030	G	A	chr1:8219030:G:A
chr1	8219062	G	T	chr1:8219062:G:T
chr1	8219076	G	A	chr1:8219076:G:A
chr1	8224647	G	A	chr1:8224647:G:A
chr1	8349079	C	T	chr1:8349079:C:T
chr1	8424763	A	G	chr1:8424763:A:G
chr1	8701243	G	A	chr1:8701243:G:A
chr1	8849019	T	C	chr1:8849019:T:C
chr1	8877998	T	C	chr1:8877998:T:C
chr1	8879251	G	A	chr1:8879251:G:A
chr1	8918233	T	C	chr1:8918233:T:C
chr1	8988185	T	C	chr1:8988185:T:C
chr1	9007961	C	T	chr1:9007961:C:T
chr1	9011066	C	T	chr1:9011066:C:T
chr1	9011252	C	T	chr1:9011252:C:T
chr1	9011658	C	T	chr1:9011658:C:T
chr1	9067399	T	A	chr1:9067399:T:A
chr1	9067522	C	T	chr1:9067522:C:T
chr1	9069561	C	T	chr1:9069561:C:T
chr1	9069808	G	A	chr1:9069808:G:A
chr1	9069886	A	G	chr1:9069886:A:G
chr1	9074969	A	C	chr1:9074969:A:C
chr1	9074990	C	A	chr1:9074990:C:A
chr1	9075197	T	C	chr1:9075197:T:C
chr1	9075310	T	C	chr1:9075310:T:C
chr1	9076345	G	A	chr1:9076345:G:A
chr1	9078831	A	G	chr1:9078831:A:G
chr1	9083198	T	A	chr1:9083198:T:A
chr1	9083230	T	A	chr1:9083230:T:A
chr1	9093513	A	T	chr1:9093513:A:T
chr1	9093570	T	C	chr1:9093570:T:C
chr1	9093826	A	T	chr1:9093826:A:T
chr1	9094247	C	T	chr1:9094247:C:T
chr1	9094285	A	G	chr1:9094285:A:G
chr1	9094392	G	A	chr1:9094392:G:A
chr1	9101790	T	C	chr1:9101790:T:C
chr1	9110878	T	C	chr1:9110878:T:C
chr1	9128817	T	C	chr1:9128817:T:C
chr1	9128908	G	C	chr1:9128908:G:C
chr1	9163101	C	A	chr1:9163101:C:A
chr1	9164020	T	C	chr1:9164020:T:C
chr1	9233465	C	T	chr1:9233465:C:T
chr1	9235385	T	C	chr1:9235385:T:C
chr1	9239888	T	G	chr1:9239888:T:G
chr1	9249981	G	A	chr1:9249981:G:A
chr1	9258342	T	C	chr1:9258342:T:C
chr1	9259945	G	T	chr1:9259945:G:T
chr1	9260328	C	T	chr1:9260328:C:T
chr1	9260553	T	A	chr1:9260553:T:A
chr1	9267285	G	T	chr1:9267285:G:T
chr1	9267328	T	G	chr1:9267328:T:G
chr1	9290312	C	T	chr1:9290312:C:T
chr1	9362816	C	A	chr1:9362816:C:A
chr1	9362918	T	C	chr1:9362918:T:C
chr1	9426549	C	T	chr1:9426549:C:T
chr1	9426563	C	A	chr1:9426563:C:A
chr1	9429102	A	T	chr1:9429102:A:T
chr1	9429153	G	A	chr1:9429153:G:A
chr1	9448896	T	C	chr1:9448896:T:C
chr1	9455990	A	G	chr1:9455990:A:G
chr1	9491207	T	C	chr1:9491207:T:C
chr1	9495652	C	G	chr1:9495652:C:G
chr1	9539373	G	A	chr1:9539373:G:A
chr1	9539589	C	T	chr1:9539589:C:T
chr1	9539764	A	G	chr1:9539764:A:G
chr1	9540087	C	T	chr1:9540087:C:T
chr1	9540145	G	A	chr1:9540145:G:A
chr1	9540309	C	T	chr1:9540309:C:T
chr1	9593777	A	G	chr1:9593777:A:G
chr1	9626134	T	C	chr1:9626134:T:C
chr1	9626366	A	G	chr1:9626366:A:G
chr1	9629394	C	T	chr1:9629394:C:T
chr1	9644867	T	G	chr1:9644867:T:G
chr1	9644911	G	C	chr1:9644911:G:C
chr1	9644971	C	T	chr1:9644971:C:T
chr1	9645030	T	C	chr1:9645030:T:C
chr1	9651573	G	A	chr1:9651573:G:A
chr1	9651584	A	G	chr1:9651584:A:G
chr1	9651616	A	G	chr1:9651616:A:G
chr1	9651679	T	C	chr1:9651679:T:C
chr1	9651702	G	C	chr1:9651702:G:C
chr1	9651762	C	G	chr1:9651762:C:G
chr1	9685007	A	C	chr1:9685007:A:C
chr1	9704794	G	A	chr1:9704794:G:A
chr1	9719230	A	T	chr1:9719230:A:T
chr1	9725135	G	A	chr1:9725135:G:A
chr1	9730904	A	G	chr1:9730904:A:G
chr1	9730937	A	G	chr1:9730937:A:G
chr1	9730958	T	G	chr1:9730958:T:G
chr1	9737262	G	C	chr1:9737262:G:C
chr1	9784682	A	G	chr1:9784682:A:G
chr1	9787913	C	G	chr1:9787913:C:G
chr1	9823902	A	G	chr1:9823902:A:G
chr1	9900327	T	G	chr1:9900327:T:G
chr1	9910413	G	A	chr1:9910413:G:A
chr1	9943171	G	A	chr1:9943171:G:A
chr1	9943262	G	A	chr1:9943262:G:A
chr1	9943399	G	C	chr1:9943399:G:C
chr1	9950286	T	G	chr1:9950286:T:G
chr1	9950897	T	G	chr1:9950897:T:G
chr1	9951013	C	A	chr1:9951013:C:A
chr1	9951054	A	G	chr1:9951054:A:G
chr1	9997648	G	A	chr1:9997648:G:A
chr1	9998046	G	A	chr1:9998046:G:A
chr1	10032712	T	A	chr1:10032712:T:A
chr1	10033399	C	T	chr1:10033399:C:T
chr1	10203766	G	A	chr1:10203766:G:A
chr1	10208794	T	A	chr1:10208794:T:A
chr1	10208829	C	G	chr1:10208829:C:G
chr1	10208909	C	T	chr1:10208909:C:T
chr1	10210328	G	C	chr1:10210328:G:C
chr1	10210438	G	A	chr1:10210438:G:A
chr1	10210822	C	T	chr1:10210822:C:T
chr1	10211482	C	G	chr1:10211482:C:G
chr1	10251925	A	C	chr1:10251925:A:C
chr1	10378629	C	T	chr1:10378629:C:T
chr1	10378834	G	A	chr1:10378834:G:A
chr1	10388203	T	G	chr1:10388203:T:G
chr1	10388539	C	T	chr1:10388539:C:T
chr1	10398321	A	T	chr1:10398321:A:T
chr1	10398423	A	G	chr1:10398423:A:G
chr1	10414954	A	G	chr1:10414954:A:G
chr1	10428257	A	G	chr1:10428257:A:G
chr1	10428353	C	T	chr1:10428353:C:T
chr1	10428429	C	T	chr1:10428429:C:T
chr1	10430054	T	C	chr1:10430054:T:C
chr1	10430228	T	C	chr1:10430228:T:C
chr1	10430482	G	C	chr1:10430482:G:C
chr1	10430493	G	C	chr1:10430493:G:C
chr1	10430732	G	C	chr1:10430732:G:C
chr1	10430742	G	A	chr1:10430742:G:A
chr1	10430824	G	A	chr1:10430824:G:A
chr1	10484668	A	G	chr1:10484668:A:G
chr1	10484931	C	A	chr1:10484931:C:A
chr1	10495200	C	T	chr1:10495200:C:T
chr1	10507601	C	T	chr1:10507601:C:T
chr1	10507654	C	T	chr1:10507654:C:T
chr1	10909893	G	A	chr1:10909893:G:A
chr1	10910127	G	T	chr1:10910127:G:T
chr1	10918005	A	G	chr1:10918005:A:G
chr1	10918259	G	A	chr1:10918259:G:A
chr1	10918268	C	A	chr1:10918268:C:A
chr1	10969421	G	T	chr1:10969421:G:T
chr1	10969495	C	T	chr1:10969495:C:T
chr1	11037810	C	T	chr1:11037810:C:T
chr1	11051980	C	T	chr1:11051980:C:T
chr1	11052110	G	A	chr1:11052110:G:A
chr1	11060199	C	T	chr1:11060199:C:T
chr1	11099766	T	C	chr1:11099766:T:C
chr1	11099911	G	A	chr1:11099911:G:A
chr1	11099932	T	C	chr1:11099932:T:C
chr1	11151338	G	A	chr1:11151338:G:A
chr1	11151478	T	A	chr1:11151478:T:A
chr1	11151580	G	A	chr1:11151580:G:A
chr1	11241657	A	G	chr1:11241657:A:G
chr1	11242008	G	A	chr1:11242008:G:A
chr1	11262508	C	G	chr1:11262508:C:G
chr1	11262571	G	T	chr1:11262571:G:T
chr1	11262852	G	T	chr1:11262852:G:T
chr1	11558394	A	G	chr1:11558394:A:G
chr1	11642640	C	G	chr1:11642640:C:G
chr1	11645869	C	T	chr1:11645869:C:T
chr1	11648930	C	A	chr1:11648930:C:A
chr1	11650504	T	G	chr1:11650504:T:G
chr1	11664035	G	C	chr1:11664035:G:C
chr1	11664881	A	C	chr1:11664881:A:C
chr1	11664891	G	C	chr1:11664891:G:C
chr1	11665149	T	A	chr1:11665149:T:A
chr1	11681168	T	A	chr1:11681168:T:A
chr1	11681247	A	C	chr1:11681247:A:C
chr1	11681449	A	C	chr1:11681449:A:C
chr1	11681739	T	A	chr1:11681739:T:A
chr1	11693309	A	G	chr1:11693309:A:G
chr1	11708812	A	C	chr1:11708812:A:C
chr1	11720009	A	G	chr1:11720009:A:G
chr1	11729726	C	T	chr1:11729726:C:T
chr1	11730393	T	C	chr1:11730393:T:C
chr1	11730453	G	C	chr1:11730453:G:C
chr1	11730527	T	A	chr1:11730527:T:A
chr1	11730627	C	T	chr1:11730627:C:T
chr1	11730630	A	G	chr1:11730630:A:G
chr1	11731833	A	G	chr1:11731833:A:G
chr1	11731880	G	C	chr1:11731880:G:C
chr1	11735859	T	C	chr1:11735859:T:C
chr1	11736967	G	T	chr1:11736967:G:T
chr1	11740464	C	T	chr1:11740464:C:T
chr1	11740646	C	T	chr1:11740646:C:T
chr1	11741030	G	A	chr1:11741030:G:A
chr1	11749345	T	G	chr1:11749345:T:G
chr1	11759539	C	T	chr1:11759539:C:T
chr1	11759583	G	C	chr1:11759583:G:C
chr1	11772566	C	G	chr1:11772566:C:G
chr1	11772602	A	G	chr1:11772602:A:G
chr1	11772730	C	T	chr1:11772730:C:T
chr1	11785165	T	C	chr1:11785165:T:C
chr1	11785461	G	C	chr1:11785461:G:C
chr1	11785467	G	A	chr1:11785467:G:A
chr1	11785513	C	T	chr1:11785513:C:T
chr1	11790870	C	T	chr1:11790870:C:T
chr1	11790946	G	C	chr1:11790946:G:C
chr1	11792053	C	T	chr1:11792053:C:T
chr1	11792243	C	T	chr1:11792243:C:T
chr1	11802721	A	G	chr1:11802721:A:G
chr1	11803847	C	T	chr1:11803847:C:T
chr1	11805485	A	C	chr1:11805485:A:C
chr1	11805747	A	G	chr1:11805747:A:G
chr1	11812995	T	C	chr1:11812995:T:C
chr1	11812998	C	T	chr1:11812998:C:T
chr1	11813439	G	A	chr1:11813439:G:A
chr1	11813449	A	G	chr1:11813449:A:G
chr1	11838792	T	G	chr1:11838792:T:G
chr1	11842953	G	A	chr1:11842953:G:A
chr1	11843828	C	A	chr1:11843828:C:A
chr1	11865675	C	T	chr1:11865675:C:T
chr1	11893257	T	C	chr1:11893257:T:C
chr1	11893469	G	T	chr1:11893469:G:T
chr1	11908021	C	G	chr1:11908021:C:G
chr1	11908173	T	C	chr1:11908173:T:C
chr1	11908183	C	T	chr1:11908183:C:T
chr1	11908216	A	G	chr1:11908216:A:G
chr1	11908280	G	A	chr1:11908280:G:A
chr1	11908299	G	A	chr1:11908299:G:A
chr1	11908305	G	C	chr1:11908305:G:C
chr1	11908323	C	T	chr1:11908323:C:T
chr1	11908325	A	G	chr1:11908325:A:G
chr1	11908338	T	C	chr1:11908338:T:C
chr1	11909691	C	T	chr1:11909691:C:T
chr1	11909729	T	G	chr1:11909729:T:G
chr1	11909860	A	G	chr1:11909860:A:G
chr1	11909928	G	A	chr1:11909928:G:A
chr1	11909934	C	T	chr1:11909934:C:T
chr1	11909936	A	G	chr1:11909936:A:G
chr1	11909937	T	G	chr1:11909937:T:G
chr1	11909975	C	T	chr1:11909975:C:T
chr1	11926478	G	A	chr1:11926478:G:A
chr1	11926564	T	C	chr1:11926564:T:C
chr1	11960951	C	T	chr1:11960951:C:T
chr1	11960987	T	C	chr1:11960987:T:C
chr1	11967131	G	A	chr1:11967131:G:A
chr1	11967147	C	T	chr1:11967147:C:T
chr1	11967154	T	A	chr1:11967154:T:A
chr1	11967251	G	A	chr1:11967251:G:A
chr1	11978534	G	A	chr1:11978534:G:A
chr1	11980267	A	G	chr1:11980267:A:G
chr1	11980422	T	C	chr1:11980422:T:C
chr1	11982204	A	G	chr1:11982204:A:G
chr1	11982386	C	T	chr1:11982386:C:T
chr1	11985498	G	T	chr1:11985498:G:T
chr1	11985615	C	T	chr1:11985615:C:T
chr1	11986006	G	T	chr1:11986006:G:T
chr1	11986032	G	A	chr1:11986032:G:A
chr1	11986277	C	G	chr1:11986277:C:G
chr1	12020065	G	C	chr1:12020065:G:C
chr1	12057634	G	A	chr1:12057634:G:A
chr1	12057844	A	G	chr1:12057844:A:G
chr1	12081819	A	G	chr1:12081819:A:G
chr1	12082060	T	C	chr1:12082060:T:C
chr1	12124894	G	A	chr1:12124894:G:A
chr1	12132196	A	G	chr1:12132196:A:G
chr1	12132249	C	T	chr1:12132249:C:T
chr1	12132975	C	T	chr1:12132975:C:T
chr1	12142898	G	A	chr1:12142898:G:A
chr1	12143138	A	G	chr1:12143138:A:G
chr1	12150629	A	G	chr1:12150629:A:G
chr1	12152328	T	G	chr1:12152328:T:G
chr1	12153280	A	G	chr1:12153280:A:G
chr1	12161549	A	G	chr1:12161549:A:G
chr1	12161860	G	A	chr1:12161860:G:A
chr1	12171695	C	G	chr1:12171695:C:G
chr1	12179094	C	T	chr1:12179094:C:T
chr1	12179340	C	A	chr1:12179340:C:A
chr1	12179463	C	T	chr1:12179463:C:T
chr1	12180619	G	A	chr1:12180619:G:A
chr1	12182736	T	G	chr1:12182736:T:G
chr1	12182813	G	A	chr1:12182813:G:A
chr1	12182892	A	G	chr1:12182892:A:G
chr1	12184261	T	C	chr1:12184261:T:C
chr1	12184972	T	C	chr1:12184972:T:C
chr1	12185344	C	T	chr1:12185344:C:T
chr1	12186118	C	T	chr1:12186118:C:T
chr1	12207208	A	G	chr1:12207208:A:G
chr1	12229891	C	A	chr1:12229891:C:A
chr1	12229913	G	A	chr1:12229913:G:A
chr1	12230088	C	G	chr1:12230088:C:G
chr1	12566181	C	A	chr1:12566181:C:A
chr1	12566232	T	C	chr1:12566232:T:C
chr1	12595190	G	C	chr1:12595190:G:C
chr1	12595917	C	T	chr1:12595917:C:T
chr1	12596822	T	C	chr1:12596822:T:C
chr1	12615695	G	A	chr1:12615695:G:A
chr1	12615732	T	A	chr1:12615732:T:A
chr1	12616201	C	T	chr1:12616201:C:T
chr1	12616451	T	A	chr1:12616451:T:A
chr1	12631457	C	T	chr1:12631457:C:T
chr1	13642725	C	A	chr1:13642725:C:A
chr1	13664046	G	A	chr1:13664046:G:A
chr1	13665985	A	G	chr1:13665985:A:G
chr1	13782619	A	G	chr1:13782619:A:G
chr1	14715923	C	T	chr1:14715923:C:T
chr1	14871318	C	T	chr1:14871318:C:T
chr1	14919903	T	C	chr1:14919903:T:C
chr1	14996869	C	T	chr1:14996869:C:T
chr1	14996873	G	A	chr1:14996873:G:A
chr1	14996920	G	A	chr1:14996920:G:A
chr1	15016598	T	G	chr1:15016598:T:G
chr1	15027645	G	A	chr1:15027645:G:A
chr1	15046677	G	C	chr1:15046677:G:C
chr1	15089830	A	G	chr1:15089830:A:G
chr1	15100621	C	T	chr1:15100621:C:T
chr1	15128696	C	T	chr1:15128696:C:T
chr1	15135860	C	G	chr1:15135860:C:G
chr1	15135891	G	A	chr1:15135891:G:A
chr1	15142945	A	G	chr1:15142945:A:G
chr1	15142965	A	G	chr1:15142965:A:G
chr1	15143116	C	G	chr1:15143116:C:G
chr1	15153552	G	A	chr1:15153552:G:A
chr1	15153566	C	T	chr1:15153566:C:T
chr1	15153790	G	C	chr1:15153790:G:C
chr1	15168614	A	G	chr1:15168614:A:G
chr1	15177907	T	G	chr1:15177907:T:G
chr1	15177935	G	A	chr1:15177935:G:A
chr1	15198290	C	T	chr1:15198290:C:T
chr1	15231891	C	T	chr1:15231891:C:T
chr1	15231917	T	C	chr1:15231917:T:C
chr1	15232054	C	G	chr1:15232054:C:G
chr1	15244819	T	C	chr1:15244819:T:C
chr1	15245018	T	C	chr1:15245018:T:C
chr1	15245117	G	A	chr1:15245117:G:A
chr1	15246089	C	T	chr1:15246089:C:T
chr1	15246306	A	G	chr1:15246306:A:G
chr1	15247193	A	G	chr1:15247193:A:G
chr1	15247215	C	A	chr1:15247215:C:A
chr1	15247262	G	A	chr1:15247262:G:A
chr1	15247273	G	A	chr1:15247273:G:A
chr1	15247279	A	G	chr1:15247279:A:G
chr1	15258282	A	T	chr1:15258282:A:T
chr1	15259117	T	G	chr1:15259117:T:G
chr1	15272529	G	A	chr1:15272529:G:A
chr1	15272573	G	A	chr1:15272573:G:A
chr1	15272664	G	T	chr1:15272664:G:T
chr1	15272668	G	C	chr1:15272668:G:C
chr1	15272787	T	C	chr1:15272787:T:C
chr1	15276256	T	C	chr1:15276256:T:C
chr1	15304956	G	T	chr1:15304956:G:T
chr1	15345945	T	C	chr1:15345945:T:C
chr1	15384630	C	G	chr1:15384630:C:G
chr1	15407430	T	C	chr1:15407430:T:C
chr1	15411324	G	C	chr1:15411324:G:C
chr1	15412120	C	T	chr1:15412120:C:T
chr1	15412520	A	G	chr1:15412520:A:G
chr1	15412767	C	G	chr1:15412767:C:G
chr1	15412854	C	A	chr1:15412854:C:A
chr1	15413201	A	C	chr1:15413201:A:C
chr1	15416072	G	T	chr1:15416072:G:T
chr1	15416193	T	C	chr1:15416193:T:C
chr1	15416311	G	C	chr1:15416311:G:C
chr1	15417388	A	C	chr1:15417388:A:C
chr1	15417515	C	G	chr1:15417515:C:G
chr1	15417775	T	C	chr1:15417775:T:C
chr1	15417791	C	T	chr1:15417791:C:T
chr1	15418758	C	T	chr1:15418758:C:T
chr1	15418786	T	C	chr1:15418786:T:C
chr1	15418884	T	C	chr1:15418884:T:C
chr1	15431170	G	A	chr1:15431170:G:A
chr1	15433051	T	A	chr1:15433051:T:A
chr1	15434857	C	T	chr1:15434857:C:T
chr1	15455633	C	T	chr1:15455633:C:T
chr1	15455675	A	G	chr1:15455675:A:G
chr1	15465931	C	G	chr1:15465931:C:G
chr1	15515071	C	A	chr1:15515071:C:A
chr1	15515247	G	A	chr1:15515247:G:A
chr1	15521418	T	G	chr1:15521418:T:G
chr1	15523602	G	A	chr1:15523602:G:A
chr1	15523848	A	G	chr1:15523848:A:G
chr1	15523988	G	A	chr1:15523988:G:A
chr1	15526209	T	C	chr1:15526209:T:C
chr1	15526244	C	G	chr1:15526244:C:G
chr1	15526781	T	C	chr1:15526781:T:C
chr1	15526794	T	G	chr1:15526794:T:G
chr1	15527133	C	T	chr1:15527133:C:T
chr1	15527155	A	G	chr1:15527155:A:G
chr1	15584515	T	G	chr1:15584515:T:G
chr1	15584536	T	G	chr1:15584536:T:G
chr1	15584854	G	A	chr1:15584854:G:A
chr1	15584998	A	G	chr1:15584998:A:G
chr1	15585102	A	G	chr1:15585102:A:G
chr1	15585235	T	G	chr1:15585235:T:G
chr1	15585352	T	C	chr1:15585352:T:C
chr1	15829911	T	C	chr1:15829911:T:C
chr1	15833295	C	A	chr1:15833295:C:A
chr1	15835035	C	G	chr1:15835035:C:G
chr1	15835976	C	A	chr1:15835976:C:A
chr1	15837325	A	T	chr1:15837325:A:T
chr1	15837659	C	A	chr1:15837659:C:A
chr1	15847319	G	C	chr1:15847319:G:C
chr1	15848822	C	T	chr1:15848822:C:T
chr1	15848896	A	C	chr1:15848896:A:C
chr1	15886244	G	A	chr1:15886244:G:A
chr1	15937769	G	A	chr1:15937769:G:A
chr1	15948752	C	T	chr1:15948752:C:T
chr1	15949963	C	T	chr1:15949963:C:T
chr1	15966247	C	T	chr1:15966247:C:T
chr1	15976150	G	A	chr1:15976150:G:A
chr1	15986237	A	C	chr1:15986237:A:C
chr1	16009032	G	C	chr1:16009032:G:C
chr1	16012818	C	G	chr1:16012818:C:G
chr1	16012924	G	C	chr1:16012924:G:C
chr1	16013314	T	C	chr1:16013314:T:C
chr1	16014859	T	G	chr1:16014859:T:G
chr1	16015154	C	T	chr1:16015154:C:T
chr1	16015238	T	C	chr1:16015238:T:C
chr1	16017865	A	G	chr1:16017865:A:G
chr1	16017907	G	A	chr1:16017907:G:A
chr1	16018130	C	G	chr1:16018130:C:G
chr1	16048715	G	A	chr1:16048715:G:A
chr1	16056089	T	C	chr1:16056089:T:C
chr1	16056107	A	G	chr1:16056107:A:G
chr1	16056154	T	C	chr1:16056154:T:C
chr1	16056223	T	C	chr1:16056223:T:C
chr1	16056235	C	T	chr1:16056235:C:T
chr1	16056296	G	C	chr1:16056296:G:C
chr1	16056336	T	A	chr1:16056336:T:A
chr1	16056339	T	A	chr1:16056339:T:A
chr1	16154871	C	T	chr1:16154871:C:T
chr1	16173110	T	C	chr1:16173110:T:C
chr1	16173390	A	C	chr1:16173390:A:C
chr1	16206527	C	T	chr1:16206527:C:T
chr1	16206601	C	T	chr1:16206601:C:T
chr1	16206763	C	T	chr1:16206763:C:T
chr1	16216340	A	G	chr1:16216340:A:G
chr1	16216381	A	T	chr1:16216381:A:T
chr1	16237140	A	G	chr1:16237140:A:G
chr1	16293665	T	C	chr1:16293665:T:C
chr1	16318782	T	C	chr1:16318782:T:C
chr1	16352580	A	G	chr1:16352580:A:G
chr1	16352633	C	T	chr1:16352633:C:T
chr1	16353352	G	A	chr1:16353352:G:A
chr1	16387375	G	A	chr1:16387375:G:A
chr1	16439071	A	G	chr1:16439071:A:G
chr1	16677039	G	A	chr1:16677039:G:A
chr1	16678275	G	T	chr1:16678275:G:T
chr1	16678290	A	C	chr1:16678290:A:C
chr1	16889000	G	A	chr1:16889000:G:A
chr1	16889159	A	C	chr1:16889159:A:C
chr1	16889640	G	C	chr1:16889640:G:C
chr1	16904341	G	A	chr1:16904341:G:A
chr1	16905229	A	G	chr1:16905229:A:G
chr1	16914269	G	A	chr1:16914269:G:A
chr1	16914483	C	T	chr1:16914483:C:T
chr1	16960919	T	C	chr1:16960919:T:C
chr1	17009758	C	T	chr1:17009758:C:T
chr1	17009824	A	C	chr1:17009824:A:C
chr1	17010026	G	T	chr1:17010026:G:T
chr1	17010050	G	C	chr1:17010050:G:C
chr1	17010896	G	A	chr1:17010896:G:A
chr1	17011965	G	A	chr1:17011965:G:A
chr1	17023303	C	T	chr1:17023303:C:T
chr1	17023460	G	A	chr1:17023460:G:A
chr1	17045260	G	C	chr1:17045260:G:C
chr1	17045532	G	C	chr1:17045532:G:C
chr1	17054580	C	T	chr1:17054580:C:T
chr1	17059609	C	T	chr1:17059609:C:T
chr1	17060358	G	A	chr1:17060358:G:A
chr1	17060385	G	A	chr1:17060385:G:A
chr1	17060633	C	T	chr1:17060633:C:T
chr1	17075621	G	T	chr1:17075621:G:T
chr1	17075640	T	C	chr1:17075640:T:C
chr1	17075664	G	A	chr1:17075664:G:A
chr1	17086964	G	A	chr1:17086964:G:A
chr1	17090758	T	C	chr1:17090758:T:C
chr1	17090818	T	C	chr1:17090818:T:C
chr1	17090820	A	G	chr1:17090820:A:G
chr1	17097901	C	T	chr1:17097901:C:T
chr1	17098021	A	T	chr1:17098021:A:T
chr1	17098138	G	A	chr1:17098138:G:A
chr1	17098145	G	A	chr1:17098145:G:A
chr1	17098350	C	T	chr1:17098350:C:T
chr1	17098582	G	A	chr1:17098582:G:A
chr1	17141471	G	A	chr1:17141471:G:A
chr1	17141640	T	G	chr1:17141640:T:G
chr1	17141827	A	C	chr1:17141827:A:C
chr1	17141855	A	G	chr1:17141855:A:G
chr1	17161456	T	C	chr1:17161456:T:C
chr1	17191665	A	G	chr1:17191665:A:G
chr1	17207181	G	A	chr1:17207181:G:A
chr1	17207189	G	A	chr1:17207189:G:A
chr1	17233700	C	T	chr1:17233700:C:T
chr1	17233767	G	A	chr1:17233767:G:A
chr1	17233884	C	T	chr1:17233884:C:T
chr1	17233894	T	A	chr1:17233894:T:A
chr1	17234151	T	C	chr1:17234151:T:C
chr1	17237472	T	C	chr1:17237472:T:C
chr1	17250823	T	C	chr1:17250823:T:C
chr1	17251870	G	A	chr1:17251870:G:A
chr1	17251924	C	T	chr1:17251924:C:T
chr1	17281858	G	A	chr1:17281858:G:A
chr1	17282185	G	A	chr1:17282185:G:A
chr1	17294238	C	T	chr1:17294238:C:T
chr1	17296402	G	A	chr1:17296402:G:A
chr1	17304232	T	C	chr1:17304232:T:C
chr1	17304343	G	C	chr1:17304343:G:C
chr1	17304362	G	A	chr1:17304362:G:A
chr1	17304383	C	T	chr1:17304383:C:T
chr1	17304426	C	T	chr1:17304426:C:T
chr1	17304448	G	A	chr1:17304448:G:A
chr1	17304527	C	A	chr1:17304527:C:A
chr1	17304528	C	T	chr1:17304528:C:T
chr1	17304623	C	T	chr1:17304623:C:T
chr1	17311650	C	T	chr1:17311650:C:T
chr1	17336046	A	C	chr1:17336046:A:C
chr1	17336256	C	G	chr1:17336256:C:G
chr1	17336309	C	T	chr1:17336309:C:T
chr1	17348326	C	T	chr1:17348326:C:T
chr1	17348352	C	T	chr1:17348352:C:T
chr1	17381262	C	T	chr1:17381262:C:T
chr1	17381263	G	C	chr1:17381263:G:C
chr1	17381303	C	T	chr1:17381303:C:T
chr1	17381436	T	G	chr1:17381436:T:G
chr1	17393347	T	C	chr1:17393347:T:C
chr1	17393436	G	T	chr1:17393436:G:T
chr1	17393490	G	T	chr1:17393490:G:T
chr1	17393501	G	A	chr1:17393501:G:A
chr1	17393562	C	T	chr1:17393562:C:T
chr1	17398515	T	C	chr1:17398515:T:C
chr1	17438988	T	C	chr1:17438988:T:C
chr1	17439009	G	C	chr1:17439009:G:C
chr1	17439260	C	T	chr1:17439260:C:T
chr1	17441628	T	C	chr1:17441628:T:C
chr1	17441755	C	T	chr1:17441755:C:T
chr1	17465386	T	C	chr1:17465386:T:C
chr1	17465445	A	T	chr1:17465445:A:T
chr1	17494246	C	A	chr1:17494246:C:A
chr1	17494521	C	A	chr1:17494521:C:A
chr1	17540984	T	C	chr1:17540984:T:C
chr1	17545533	G	A	chr1:17545533:G:A
chr1	17552124	T	C	chr1:17552124:T:C
chr1	17570039	T	A	chr1:17570039:T:A
chr1	17581010	A	G	chr1:17581010:A:G
chr1	17581080	C	T	chr1:17581080:C:T
chr1	17603485	C	G	chr1:17603485:C:G
chr1	17770858	G	A	chr1:17770858:G:A
chr1	17770929	C	T	chr1:17770929:C:T
chr1	17958825	A	C	chr1:17958825:A:C
chr1	17958864	C	T	chr1:17958864:C:T
chr1	18041122	A	G	chr1:18041122:A:G
chr1	18041136	T	C	chr1:18041136:T:C
chr1	18041145	C	G	chr1:18041145:C:G
chr1	18041247	A	G	chr1:18041247:A:G
chr1	18100537	G	A	chr1:18100537:G:A
chr1	18100709	G	C	chr1:18100709:G:C
chr1	18118309	T	C	chr1:18118309:T:C
chr1	18178298	T	C	chr1:18178298:T:C
chr1	18178456	C	G	chr1:18178456:C:G
chr1	18385834	C	T	chr1:18385834:C:T
chr1	18479386	C	A	chr1:18479386:C:A
chr1	18479590	T	C	chr1:18479590:T:C
chr1	18479643	G	A	chr1:18479643:G:A
chr1	18575763	G	C	chr1:18575763:G:C
chr1	18676657	C	G	chr1:18676657:C:G
chr1	18716568	T	G	chr1:18716568:T:G
chr1	18716644	C	T	chr1:18716644:C:T
chr1	18875348	A	G	chr1:18875348:A:G
chr1	18875462	A	G	chr1:18875462:A:G
chr1	18884283	C	A	chr1:18884283:C:A
chr1	18884322	C	T	chr1:18884322:C:T
chr1	18902974	C	A	chr1:18902974:C:A
chr1	18903003	C	T	chr1:18903003:C:T
chr1	18907257	C	T	chr1:18907257:C:T
chr1	18907875	G	C	chr1:18907875:G:C
chr1	18908075	T	C	chr1:18908075:T:C
chr1	18922156	G	T	chr1:18922156:G:T
chr1	18922407	A	G	chr1:18922407:A:G
chr1	18922574	C	T	chr1:18922574:C:T
chr1	18922651	C	T	chr1:18922651:C:T
chr1	18954932	G	A	chr1:18954932:G:A
chr1	18956450	G	A	chr1:18956450:G:A
chr1	18956916	C	G	chr1:18956916:C:G
chr1	18973106	G	A	chr1:18973106:G:A
chr1	18973173	C	T	chr1:18973173:C:T
chr1	18973421	C	A	chr1:18973421:C:A
chr1	18991593	A	G	chr1:18991593:A:G
chr1	18991781	T	C	chr1:18991781:T:C
chr1	18991819	C	G	chr1:18991819:C:G
chr1	19011197	A	C	chr1:19011197:A:C
chr1	19011400	T	C	chr1:19011400:T:C
chr1	19081641	G	C	chr1:19081641:G:C
chr1	19081836	T	C	chr1:19081836:T:C
chr1	19081886	T	C	chr1:19081886:T:C
chr1	19241577	C	T	chr1:19241577:C:T
chr1	19251533	C	T	chr1:19251533:C:T
chr1	19251568	C	T	chr1:19251568:C:T
chr1	19251698	G	A	chr1:19251698:G:A
chr1	19251891	G	C	chr1:19251891:G:C
chr1	19288917	G	C	chr1:19288917:G:C
chr1	19312389	T	C	chr1:19312389:T:C
chr1	19312815	G	A	chr1:19312815:G:A
chr1	19315759	C	T	chr1:19315759:C:T
chr1	19315832	G	A	chr1:19315832:G:A
chr1	19315998	G	A	chr1:19315998:G:A
chr1	19322722	T	C	chr1:19322722:T:C
chr1	19347772	C	A	chr1:19347772:C:A
chr1	19370571	T	C	chr1:19370571:T:C
chr1	19436885	C	T	chr1:19436885:C:T
chr1	19436902	C	A	chr1:19436902:C:A
chr1	19436964	C	G	chr1:19436964:C:G
chr1	19448881	G	A	chr1:19448881:G:A
chr1	19448998	A	G	chr1:19448998:A:G
chr1	19449072	G	A	chr1:19449072:G:A
chr1	19454015	C	T	chr1:19454015:C:T
chr1	19454016	G	A	chr1:19454016:G:A
chr1	19455009	G	A	chr1:19455009:G:A
chr1	19455051	G	T	chr1:19455051:G:T
chr1	19457696	C	T	chr1:19457696:C:T
chr1	19469457	A	G	chr1:19469457:A:G
chr1	19469611	C	T	chr1:19469611:C:T
chr1	19469623	G	C	chr1:19469623:G:C
chr1	19469648	G	A	chr1:19469648:G:A
chr1	19469832	T	C	chr1:19469832:T:C
chr1	19476918	G	A	chr1:19476918:G:A
chr1	19477276	C	A	chr1:19477276:C:A
chr1	19490236	G	A	chr1:19490236:G:A
chr1	19502375	T	C	chr1:19502375:T:C
chr1	19505445	C	T	chr1:19505445:C:T
chr1	19505681	G	A	chr1:19505681:G:A
chr1	19505747	C	T	chr1:19505747:C:T
chr1	19505943	G	A	chr1:19505943:G:A
chr1	19506044	T	A	chr1:19506044:T:A
chr1	19506073	C	T	chr1:19506073:C:T
